"id","token","fromAddress","toAddress","value","blockNumber","transactionHash"
32,"0xdAC17F958D2ee523a2206206994597C13D831ec7","0x00000047bB99ea4D791bb749D970DE71EE0b1A34","0x92e929d8B2c8430BcAF4cD87654789578BB2b786","1996000000","18060295","0x5b56640fa747079fff8e1e5fc0661e686564bf3d3ac77b1a2f90c1b957f8023c"
85,"0xdAC17F958D2ee523a2206206994597C13D831ec7","0x02Ae42F3DE21330ff375017AFb7d293e868B8364","0x3A1220591259E97927FB0394a7f216a8FdB986eF","90022249","18060297","0xd5d098d9d4c770d9a3cce7d717adc3c1954599b2f99c6b0093a06112fd06c887"
329,"0xdAC17F958D2ee523a2206206994597C13D831ec7","0x051ACf8d69a18d6a6e4Dd063B39501e69704Ac50","0x8571d2De7BaB20ff9f22f4A008A7322f771a174c","7072000000","18060344","0x02a6db3415b6ba635a5357bce31a8614e0d375fd00034646abc0117281f9f319"
153,"0xdAC17F958D2ee523a2206206994597C13D831ec7","0x05FA6D2470c1347B0F0e1DafA96cB4D5C6D585a9","0x46705dfff24256421A05D056c29E81Bdc09723B8","52107400","18060303","0x7de19d2c091ac88a71a6cb256380051b366986532a9e22fa1770e06739413cb1"
49,"0xdAC17F958D2ee523a2206206994597C13D831ec7","0x0CCd56A1c29A3157cF150232a30A7E41aEf00EC2","0x13c09D20b61f3543a5b351891C3b6Ed7d05DD218","3449184275","18060296","0x45ea833bd204d3656348788bbc24966a91a5275f0468745230b2098ee9e5ddc8"
352,"0xdAC17F958D2ee523a2206206994597C13D831ec7","0x0d1f40Ace2C107d6De053681664B9bFFa3297E35","0x6fEA591d519c1fb3eBAac1B49062370eF70c3e2f","202752589","18060345","0xc2d1b0bc4babbca8d258c42fcba4857861ee84f2efa5f9ccba7a13b4aca8f323"
63,"0xdAC17F958D2ee523a2206206994597C13D831ec7","0x0d4a11d5EEaaC28EC3F61d100daF4d40471f1852","0x05612170a8D3a88A515121893f1083EaD5B75a04","235872807","18060296","0xe38cda49addb3d2b302cf725982dc3119ad7445b6b77369e4125d75768cb031a"
33,"0xdAC17F958D2ee523a2206206994597C13D831ec7","0x0d4a11d5EEaaC28EC3F61d100daF4d40471f1852","0xB63c2f390803119A98AC63a371bCC657e366dF0F","31863639","18060295","0x2ac64f26b3c6bcca648591db43041cfe6982c40010774df75854276063d4af6f"
230,"0xdAC17F958D2ee523a2206206994597C13D831ec7","0x0F067b6c56B14AaCa0E86f2F9E9d96D8A41dD112","0xc810943ab2035Be0feF0b0859883677e26a19910","5100000","18060340","0xf5743acc64c51572db9ce320a1308f67979679f0891f12b23285db56734e0a0e"
248,"0xdAC17F958D2ee523a2206206994597C13D831ec7","0x11041555F9036c9ea9D5A5A5496e52B2e42A8f95","0xCD4E94c6132364edb5d16AEf729F023555F2E7ba","46000000","18060341","0xb982e0d4935f93cd23e18ee37b2b95f0ede2c2bf7bd540c047d267088bfd4286"
163,"0xdAC17F958D2ee523a2206206994597C13D831ec7","0x11b815efB8f581194ae79006d24E0d814B7697F6","0x3208684f96458c540Eb08F6F01b9e9afb2b7d4f0","1965776418","18060303","0xab7bb12342c1d3b788d4940a03e0468336683b5809b401f61e1d0a143468c890"
371,"0xdAC17F958D2ee523a2206206994597C13D831ec7","0x11b815efB8f581194ae79006d24E0d814B7697F6","0xA69babEF1cA67A37Ffaf7a485DfFF3382056e78C","18092399708","18060369","0x68723ef85c98b8c512e9bba1e6733746d7eceefcf7ec21a698d05909ceee1e9b"
34,"0xdAC17F958D2ee523a2206206994597C13D831ec7","0x11b815efB8f581194ae79006d24E0d814B7697F6","0xa740C5DF7EfDbe2008BC4831235C719d2a049B96","916276689","18060295","0x12559a4e6bb90a379c1737ba6cdf7a28ed796ca2004bd6631973df0980a550da"
385,"0xdAC17F958D2ee523a2206206994597C13D831ec7","0x11b815efB8f581194ae79006d24E0d814B7697F6","0xDef1C0ded9bec7F1a1670819833240f027b25EfF","150154541","18060370","0xe2a9a48a9d10efc7265c4b8af93483991b3eda859244d802c906150017ddd084"
380,"0xdAC17F958D2ee523a2206206994597C13D831ec7","0x13b196cD4012399e3890f40c74CD0AA997E316d8","0x16a333211D67432E3525e7857abe7c88b1760CcC","0","18060370","0xe768f870932c2e2445602f80ba852583bf5a60712940d0a7e00b8a3ab83892eb"
5,"0xdAC17F958D2ee523a2206206994597C13D831ec7","0x13E83D374d9115d116CBD0335dd33C8ad250eAE0","0x524f7Bd0E0ef8726352cEBc83c7A481972190D1f","10800000","18060293","0xf5b79dc8ce6a3d1ebf26c3d78b6078a7a239d973449d99ce73cc0556c05b71f8"
212,"0xdAC17F958D2ee523a2206206994597C13D831ec7","0x1554dbAa0bc0fF678968C90fE56AA2fC86b0c99f","0x6ebe68F308e2554E5B1768d917B96615519B713A","59192100","18060340","0x4c1b7e104e223b63a2aee57e0c489cf562bec861856ced349b68ce4aad1eaa22"
213,"0xdAC17F958D2ee523a2206206994597C13D831ec7","0x1554dbAa0bc0fF678968C90fE56AA2fC86b0c99f","0x90E18a6920985DBACc3d76Cf27a3F2131923C720","597900","18060340","0x4c1b7e104e223b63a2aee57e0c489cf562bec861856ced349b68ce4aad1eaa22"
108,"0xdAC17F958D2ee523a2206206994597C13D831ec7","0x1609CFEf3b82e1608E45bF1B1bD6Ade3D229e070","0x46705dfff24256421A05D056c29E81Bdc09723B8","52110000","18060298","0xbdacf759be4d52103dc3428b512d774cf77cbd5335f536394e906844e94ed11b"
139,"0xdAC17F958D2ee523a2206206994597C13D831ec7","0x163Ef38442CEdd4C828Ad398c1d6Faa01f9442f5","0x183A6cF1Fc6504138d92C9d663094EE774f80038","459570723","18060301","0xf459e2dfbdf6c9970755f73391a001421e05bf734c8f549199075b28024daecc"
118,"0xdAC17F958D2ee523a2206206994597C13D831ec7","0x1715a3E4A142d8b698131108995174F37aEBA10D","0x19B84860277253fc101059dAebA68c36e6228a4e","175553656","18060298","0x9d442f6c9df9d727007da138afc4b1a591746e2d8801808b802b188e47fbe754"
134,"0xdAC17F958D2ee523a2206206994597C13D831ec7","0x178e8De3074B45eD9BF23430af8D365cf422e967","0xd5FBDa4C79F38920159fE5f22DF9655FDe292d47","2156790000","18060301","0xa6becb67c9d1c304584696e3d9cb82e9e7e665b7b1fb26abb0c77ce814fe69ae"
301,"0xdAC17F958D2ee523a2206206994597C13D831ec7","0x17DDcA1BDD45243112d9fFC0A29A79165370aF07","0x09443CB59B10434D43004c1cC289F82728F450E1","853111000","18060343","0x58ce0fa915d4f1875a891b5ce3a786aa30ea7a4ffaa7289ad48699a1752bcfd2"
369,"0xdAC17F958D2ee523a2206206994597C13D831ec7","0x17DDcA1BDD45243112d9fFC0A29A79165370aF07","0x5dF2AC2729949c072C7caB8175E81Bf94972F88B","2099213000","18060346","0xce2c9683e88bfb20dbef7dd8d8f16139d17a3daf6db8ef5b91733ca4f5744949"
383,"0xdAC17F958D2ee523a2206206994597C13D831ec7","0x183A6cF1Fc6504138d92C9d663094EE774f80038","0x0a58B06b6B0cC650c279B05BC09E2948d368b911","150037373","18060370","0xdf9ec225a0745cd16491564c3cda929e1f613b7e534f0c0c3aac2a1d60f35dda"
382,"0xdAC17F958D2ee523a2206206994597C13D831ec7","0x183A6cF1Fc6504138d92C9d663094EE774f80038","0x1b1174A62c78290245f1bA9fD20FFD99e5C617c0","2500622896","18060370","0x709697d24ee0472b53faa2e65407294b7fa60fb99eb641d37bf914f864a227c1"
273,"0xdAC17F958D2ee523a2206206994597C13D831ec7","0x183A6cF1Fc6504138d92C9d663094EE774f80038","0x5169e9424DA22dEaDd123cbab6FF4cC2220309d3","50011035","18060342","0x4c32e1bc0539eded1b509dbc2422b0407dedc679d9814e1a08e2e37a3d8d4f68"
192,"0xdAC17F958D2ee523a2206206994597C13D831ec7","0x19B84860277253fc101059dAebA68c36e6228a4e","0x418Ea3bD99d161F49d30B88FaE03B852b33684E4","175500000","18060306","0x0e87bd4e0c3a3c93218735b44da92e031839224d8c0770917f7a04bb78c9b914"
58,"0xdAC17F958D2ee523a2206206994597C13D831ec7","0x1ff4C3E4aF9fD88E7eC0c09596C31225df102a66","0x3faF96E4ED6A23DA1799c4E3685491Ff52613BBF","0","18060296","0x5df809bb9459ebbf26129d26b368d82d43fa9574bb2eb39e4f502ce6b8007d8e"
55,"0xdAC17F958D2ee523a2206206994597C13D831ec7","0x211858a7Be63acb699e0EAeBc4EC0C829325e562","0x4548449266314e2025450e46DA0c9c9afCA4fA69","0","18060296","0x5df809bb9459ebbf26129d26b368d82d43fa9574bb2eb39e4f502ce6b8007d8e"
146,"0xdAC17F958D2ee523a2206206994597C13D831ec7","0x21a31Ee1afC51d94C2eFcCAa2092aD1028285549","0x9DcADa854DAFc7250f0Ce84f02f6bf2635E05d3A","196790000","18060302","0xb35705e45db3c2b81e476802993a765ca7f93cd70b9165318de503b2e7148dde"
389,"0xdAC17F958D2ee523a2206206994597C13D831ec7","0x21b9F852534Fb9DdC3A0A7B24f067B50d8AC9a99","0x3208684f96458c540Eb08F6F01b9e9afb2b7d4f0","800000000","18060370","0xd019ea9285a2bed409b862424a584a243d5e0764a3a420f236b0a45236571239"
372,"0xdAC17F958D2ee523a2206206994597C13D831ec7","0x22F6CC8738308a8c92a6a71ea67832463d1Fec0d","0x16476276A8A0a7b8E2EC135aA1100FdC7140CA4C","350000000","18060369","0x364d7ed81de7c75a94f6bb209d752330961619787110c225c17980e2881ae6c3"
6,"0xdAC17F958D2ee523a2206206994597C13D831ec7","0x23f4569002a5A07f0Ecf688142eEB6bcD883eeF8","0x12cA3B2d46A745bE1Bf706605377932D3d0905Fd","3800000000","18060293","0x5f37948d062d73bfb66c4e3d713e5fd6d17f32f0f02ea85e2297924a56f12d45"
227,"0xdAC17F958D2ee523a2206206994597C13D831ec7","0x258494A21d9EA90FCBcB9E22BD57C6899dE0D995","0x74664109C8B2a0E0aE1744C70CBad1f97f142266","296417944","18060340","0x2b364774574d5ca37abac4cd91ed884967b474e6bf19e22ac4d379305d0158e8"
107,"0xdAC17F958D2ee523a2206206994597C13D831ec7","0x258Ff3417aA1167e18E94AfBF326e7Fbbf908f3c","0x46705dfff24256421A05D056c29E81Bdc09723B8","52110000","18060298","0xc7977b360ada4d38dc2008a6a329bf317993b587d14c5bb50c4a0d27828ee740"
52,"0xdAC17F958D2ee523a2206206994597C13D831ec7","0x2696A66118e9D54bdfa336A83C304E4523671E88","0x504bE92aCEAecaA724080308935227996E43FA88","0","18060296","0x5df809bb9459ebbf26129d26b368d82d43fa9574bb2eb39e4f502ce6b8007d8e"
56,"0xdAC17F958D2ee523a2206206994597C13D831ec7","0x2696A6661b69A8932b2402b893e6794b23671e88","0x504bE92Bbe3BE525f59CBA6A30892d876e43Fa88","0","18060296","0x5df809bb9459ebbf26129d26b368d82d43fa9574bb2eb39e4f502ce6b8007d8e"
346,"0xdAC17F958D2ee523a2206206994597C13D831ec7","0x271ebc3C939Db4d08E5eEFDBAA3Fc00617549C12","0xC3fD014bAA3C1e63fC7173Af119f5afdbf8c1492","56790000","18060345","0xc719e8058cee45ee02a581222ac7610cd5e8c152c7a792f1d41197a26fb4c39a"
30,"0xdAC17F958D2ee523a2206206994597C13D831ec7","0x28C6c06298d514Db089934071355E5743bf21d60","0x341D9256B566FeB773D85Bb40a3FC8195bFfCe6d","7787790000","18060295","0x6614277cbe21d90db3ebbd6815ce2329cc751a46e9a07c805285dbfaf61edb4c"
373,"0xdAC17F958D2ee523a2206206994597C13D831ec7","0x28C6c06298d514Db089934071355E5743bf21d60","0xaB91a10F0DC3D363f67CEF3Ddb9b13766AEbF79b","1133793457","18060369","0xead2deb229a3f8d6944f41ca67ca038ace8c7aeaeb792afffc54b4d85dfe5a64"
409,"0xdAC17F958D2ee523a2206206994597C13D831ec7","0x2af9303448a2EA70592EafaA661AABEC37634096","0x36Effd84Dff5ea65ee8c7CBba4964b7e44C16aC6","200200000","18060371","0xf2c5f28be5c8791d76adbaacb79e4069cb010005c23df669dce239337ab36ec5"
102,"0xdAC17F958D2ee523a2206206994597C13D831ec7","0x2Ca57DdA9CCA2E6b05B0EeE4cb231a4A769aDFF2","0x74de5d4FCbf63E00296fd95d33236B9794016631","143472717","18060298","0x4c16c108077746fd3f3dc392a1a54951414d23e431e408554ca29b32012e0140"
3,"0xdAC17F958D2ee523a2206206994597C13D831ec7","0x2Cb742AC6a30701743D81b8D4b11a59BcA187463","0x0D0707963952f2fBA59dD06f2b425ace40b492Fe","220270000","18060293","0x964333191800389e832e0b21e8792f53941fc15f504f22155c76a6814922ff2c"
235,"0xdAC17F958D2ee523a2206206994597C13D831ec7","0x2D722C96f79d149dD21e9eF36F93fc12906CE9f8","0x6CA298D2983aB03Aa1dA7679389D955A4eFEE15C","30084272128","18060341","0x70ba8d661fb80e592043e2d3754593a5e2122b920009edf336bdc4f2ac69ba36"
296,"0xdAC17F958D2ee523a2206206994597C13D831ec7","0x2D722C96f79d149dD21e9eF36F93fc12906CE9f8","0x767C8bB1574BEE5D4FE35E27e0003c89D43C5121","8658643968","18060343","0xa35a996659a7406237ce8cd2ed763973eb12cc166706d080a33f7d43412731d6"
412,"0xdAC17F958D2ee523a2206206994597C13D831ec7","0x2F8bD4Ca12639A74208Ba1af9C989c5c3051fdc6","0xcfdB7d781fE8F4F26ce87aD8b82d84a62Aa93f73","300000000000","18060371","0x18c6d75224adbc2613fff297be5e3b3103dd5bc4c46bc6774a5159362114a020"
169,"0xdAC17F958D2ee523a2206206994597C13D831ec7","0x3018018c44338B9728d02be12d632C6691E020d1","0x62daA0B1192B3b3580885ce749BA4D7fcb87f85A","2300000000","18060304","0x0fbb8b4272327db7749b654a20f0ae2da690bf3e9c90d6ef939a0fa3d743dc52"
170,"0xdAC17F958D2ee523a2206206994597C13D831ec7","0x30e8E80b243C1681c2ed59AfBF2A95E51B69bc71","0x4d687be6E5991E3456bEf03f1649b1BAc47CD043","1426576367","18060304","0xb4c9ab2c4724b3d97018824832fb3cbc7ce2ea5e10cd292b4fa9b5287eb999b7"
117,"0xdAC17F958D2ee523a2206206994597C13D831ec7","0x3208684f96458c540Eb08F6F01b9e9afb2b7d4f0","0x6CA298D2983aB03Aa1dA7679389D955A4eFEE15C","19996790000","18060298","0x4f66e9717a7e81b841ff55a993d66021cbbbd5bd46c205a95769a000a42380fd"
164,"0xdAC17F958D2ee523a2206206994597C13D831ec7","0x3208684f96458c540Eb08F6F01b9e9afb2b7d4f0","0x8876819535b48b551C9e97EBc07332C7482b4b2d","1965776000","18060303","0xab7bb12342c1d3b788d4940a03e0468336683b5809b401f61e1d0a143468c890"
306,"0xdAC17F958D2ee523a2206206994597C13D831ec7","0x3208684f96458c540Eb08F6F01b9e9afb2b7d4f0","0xD0b2F5018B5D22759724af6d4281AC0B13266360","149996790000","18060343","0x8d4d63aa05fd7cfebf24aafd72694869c6b172449ba06437df0834308dcce867"
390,"0xdAC17F958D2ee523a2206206994597C13D831ec7","0x3208684f96458c540Eb08F6F01b9e9afb2b7d4f0","0xe219a14e355c1Cb3f43594655A63488DA154E8Eb","800000000","18060370","0xd019ea9285a2bed409b862424a584a243d5e0764a3a420f236b0a45236571239"
245,"0xdAC17F958D2ee523a2206206994597C13D831ec7","0x3416cF6C708Da44DB2624D63ea0AAef7113527C6","0xE592427A0AEce92De3Edee1F18E0157C05861564","4676712809","18060341","0xcc049b4323c67b56e990902eff2301abd57ee1500fd7a51c10677afc27c552cb"
266,"0xdAC17F958D2ee523a2206206994597C13D831ec7","0x3565F03bF2da20C0993921CDe077BFAd54C9C75E","0xd34EA2390aCB4D731E42165b5549F7860fBdcF41","10000000000","18060342","0xbcfcae9f89beb19c18649d337a3a3a0328c5b901a4082b602ec8dee38039efd8"
349,"0xdAC17F958D2ee523a2206206994597C13D831ec7","0x35F763B67017bb29E1aCdC96062d727795901f3F","0xC3D3A0E6C38837841e145217934d5004992AdA36","2500000000","18060345","0xc577b5dadf6baa475763ccb08aa56f1a2d1f1474d3863aff9463fd3a128e81ac"
350,"0xdAC17F958D2ee523a2206206994597C13D831ec7","0x36311A446c07cc62B80574b580784047C85BC89c","0x95B6A44b0096fAaea351CAc7e0B41E63a4d95428","30442570","18060345","0x9a546ea1ba1acf0839a90cb88b36a9158dab91e6642869b6ac003316316bed68"
208,"0xdAC17F958D2ee523a2206206994597C13D831ec7","0x36D379cE9f7a836FC67713a5326563E1290Aa010","0x4AAE60B0068efE34BCA80E4D756436E787D36395","99000000","18060340","0xed7e111955ef443d5326dd4ee33d679a1fc946bb2ec31ca6f4ae26b43ee05bc4"
209,"0xdAC17F958D2ee523a2206206994597C13D831ec7","0x36D379cE9f7a836FC67713a5326563E1290Aa010","0x6c8dd0e9cC58c07429e065178d88444B60e60b80","1000000","18060340","0xed7e111955ef443d5326dd4ee33d679a1fc946bb2ec31ca6f4ae26b43ee05bc4"
53,"0xdAC17F958D2ee523a2206206994597C13D831ec7","0x3903F3d8E026b211759408c67865dB4c1f82a0eA","0x5061e7820b1F5cf92CC8B3e553121B88E524BF94","0","18060296","0x5df809bb9459ebbf26129d26b368d82d43fa9574bb2eb39e4f502ce6b8007d8e"
187,"0xdAC17F958D2ee523a2206206994597C13D831ec7","0x39e53012Bd60dB493eC3f48eFF4D369F6f0D8ccb","0x03435505e70906349741974bdf2753369084E7D6","101760000","18060306","0x79db030f2d43828c2c5e008ef5bb55bde1d8b7952887ca5b57078e3dcbadc860"
113,"0xdAC17F958D2ee523a2206206994597C13D831ec7","0x3A1220591259E97927FB0394a7f216a8FdB986eF","0xcDd37Ada79F589c15bD4f8fD2083dc88E34A2af2","90022249","18060298","0x3c3e1e761bc18fd5aa83474767ffa834ef951e4886f79d465d875ee94492178d"
299,"0xdAC17F958D2ee523a2206206994597C13D831ec7","0x3C02290922a3618A4646E3BbCa65853eA45FE7C6","0xd851f954da2E393f1C8446E4f4BE0f9b57A979Bd","0","18060343","0x139915b1d78496e8f0e6267790dffab93cc50057f4c3482c9ed49d84a0c3f185"
276,"0xdAC17F958D2ee523a2206206994597C13D831ec7","0x3c8a23c9A1859fa1eC62236B720FC18229FAf962","0x74de5d4FCbf63E00296fd95d33236B9794016631","150000000","18060342","0xe4a554cb3f69ed85e5cde5e82868aa78d01ccdab2ba454753b5ad330031ec99a"
175,"0xdAC17F958D2ee523a2206206994597C13D831ec7","0x3D55CCb2a943d88D39dd2E62DAf767C69fD0179F","0x2e64e8f6469aED88fDce5009F9426ddc4D21452B","109745288","18060305","0xe6dbb0fbf10cca92a0ce920b610d5da5d004300dcc3e592622ec571d22c5dabb"
330,"0xdAC17F958D2ee523a2206206994597C13D831ec7","0x3D55CCb2a943d88D39dd2E62DAf767C69fD0179F","0xD5E2484DE79D54fAb1C6bf3beAcC7b59BFc5991c","30000000000","18060344","0x98ff710d99d6810096658db526f0f923643101268fff7e3c1114490fa7bcc0d7"
247,"0xdAC17F958D2ee523a2206206994597C13D831ec7","0x3eB100C0528380E42dD39eBa4EA983Ad7A655378","0xda3271a0183C7CdE99ff02a50E7fe32dc2564d2b","5000000000","18060341","0x19c925aa631a004ef0e83329fbc382c44ad51179ec34ef648badbb469b72e6b2"
179,"0xdAC17F958D2ee523a2206206994597C13D831ec7","0x3fC91A3afd70395Cd496C647d5a6CC9D4B2b7FAD","0xecEA5B1cC2E14bFBc835724b6150160dbc8D0b38","189217024","18060305","0x4927e559da16add937c8ccd281d61c411fe95282c3a67697282acf1b20c36f93"
406,"0xdAC17F958D2ee523a2206206994597C13D831ec7","0x400F854bFF90914A2891472D414924e97b2F2F39","0x313Eb1C5e1970EB5CEEF6AEbad66b07c7338d369","1000000000000","18060371","0x87802a3266d20317d597e90c3d91be1011f23bc044ad9c497b9600cb25aa5421"
308,"0xdAC17F958D2ee523a2206206994597C13D831ec7","0x425847Dbd835CB018ab2C1475dB82976Cfa57f79","0xE6d2DB3e6A84BFd204EC905F8AC20c3EfEb36d49","110000000000","18060343","0xbf33f1e384979172fe191e126d87355569327c45d8291b8ed7ad6702bcf689cc"
64,"0xdAC17F958D2ee523a2206206994597C13D831ec7","0x433022C4066558E7a32D850F02d2da5cA782174D","0x85D7f966A6350500E4e599d20848205D9E17A48C","156361900","18060296","0xe35a1afd332284d275d6a3cec9ab4d33aa714b5c14338f9a9542ed6fa60d4bc3"
62,"0xdAC17F958D2ee523a2206206994597C13D831ec7","0x4331A6F53F75b215b1a6D6292AcAa564bD89464f","0xEEb29A4e672929F6a614DDD41EAEBC3541640D5D","0","18060296","0x5df809bb9459ebbf26129d26b368d82d43fa9574bb2eb39e4f502ce6b8007d8e"
305,"0xdAC17F958D2ee523a2206206994597C13D831ec7","0x4423Ac71F53cA92E2F2bE5917a9C2468e7412F4a","0x3208684f96458c540Eb08F6F01b9e9afb2b7d4f0","149996790000","18060343","0x8d4d63aa05fd7cfebf24aafd72694869c6b172449ba06437df0834308dcce867"
4,"0xdAC17F958D2ee523a2206206994597C13D831ec7","0x4503146845a0E5469C08c9aD466aEd660A5Ce954","0x0d4a11d5EEaaC28EC3F61d100daF4d40471f1852","500000000","18060293","0xd595950e6645fc155fd0ff72babe578921c1588e3f75f38568dc6533843c5770"
189,"0xdAC17F958D2ee523a2206206994597C13D831ec7","0x46340b20830761efd32832A74d7169B29FEB9758","0xc3DE5034316F3bbb3Ff8e14Bc7291630e00A44B9","18343702","18060306","0x240e0d0daf8077020be8c3ef245ebf17d19f8e59a2eb0f769917d07411d4d63e"
384,"0xdAC17F958D2ee523a2206206994597C13D831ec7","0x46340b20830761efd32832A74d7169B29FEB9758","0xe769B433D5F0D63A56ec347ce1477294000c5A4a","365000000","18060370","0xf8c3172eeaa47e3df7f8cf35b2d7b2918db9c6de252b8a36c24a599a0e990ef5"
302,"0xdAC17F958D2ee523a2206206994597C13D831ec7","0x46340b20830761efd32832A74d7169B29FEB9758","0xFD88eaea8a3fa91101C6916B2B5D7eA5c9E00d49","90000000","18060343","0x16385bae70a62298975af11a887f3abac289e19f0e4eca05ecdf152711744b22"
366,"0xdAC17F958D2ee523a2206206994597C13D831ec7","0x46705dfff24256421A05D056c29E81Bdc09723B8","0xa5Ac72296B9bc4D9796C9f8877A53be9B286ea5d","195095956","18060346","0x8f282ccead4ca1c375f76267f1b4c24896dc85fd1ef70f47c3a4fbb6c34966e9"
57,"0xdAC17F958D2ee523a2206206994597C13D831ec7","0x4CE0fAF46411F4472ac413f7003FAdd9BaD27FC4","0xe5A7C8E816f0aa386528a2D3982aA27741ef2a12","0","18060296","0x5df809bb9459ebbf26129d26b368d82d43fa9574bb2eb39e4f502ce6b8007d8e"
61,"0xdAC17F958D2ee523a2206206994597C13D831ec7","0x4Ce0faF497bC6aD6A1a3652617a98bc5bBd27Fc4","0xE5A7C8E957C25C803Fef90CEDD85E67F41EF2A12","0","18060296","0x5df809bb9459ebbf26129d26b368d82d43fa9574bb2eb39e4f502ce6b8007d8e"
152,"0xdAC17F958D2ee523a2206206994597C13D831ec7","0x4e0fA67b6CCDBAB23253cba93aabd584d651F660","0x46705dfff24256421A05D056c29E81Bdc09723B8","52110000","18060303","0xb1506240e481e5a25ce0abf9c7b0297ac737504b9d76f2b7a914c9d5cfee2917"
374,"0xdAC17F958D2ee523a2206206994597C13D831ec7","0x4e26d921B2574139582AFE4BfCa1e813c4C08289","0xa1B2A2dFe6300D3f2174e0a4f073Fc0F78F5169F","992000000","18060369","0xe1faf0329627721d7a654a97d302dc784d830b75ccc79dfc4576ae72ea19e0e7"
178,"0xdAC17F958D2ee523a2206206994597C13D831ec7","0x4e68Ccd3E89f51C3074ca5072bbAC773960dFa36","0x3fC91A3afd70395Cd496C647d5a6CC9D4B2b7FAD","189217024","18060305","0x4927e559da16add937c8ccd281d61c411fe95282c3a67697282acf1b20c36f93"
411,"0xdAC17F958D2ee523a2206206994597C13D831ec7","0x4E6FEeaFE173E4A0F1bA561788Eb4476f412Ec39","0xf977adAd470808A92C2765F6fB37DF211Db4e823","539607166","18060371","0x76e3aa40f35401a6b614156b0e2149fcfd62ac62444ac7b0fa76dbffa6a6a2ef"
211,"0xdAC17F958D2ee523a2206206994597C13D831ec7","0x4e9AFA37b14699A5AE6a27fCFf81c678bcE5207A","0x6c8dd0e9cC58c07429e065178d88444B60e60b80","3380600","18060340","0xfaadf9bf82c95a38c7501b1b1dc30e12cda104a1018da28d3d1a760c38eb2f47"
210,"0xdAC17F958D2ee523a2206206994597C13D831ec7","0x4e9AFA37b14699A5AE6a27fCFf81c678bcE5207A","0x8b581fF6dd4d14CcED4cfBC3cd9E210747B8D362","334679400","18060340","0xfaadf9bf82c95a38c7501b1b1dc30e12cda104a1018da28d3d1a760c38eb2f47"
31,"0xdAC17F958D2ee523a2206206994597C13D831ec7","0x504bE92aCEAecaA724080308935227996E43FA88","0x00000047bB99ea4D791bb749D970DE71EE0b1A34","2000000000","18060295","0x5b56640fa747079fff8e1e5fc0661e686564bf3d3ac77b1a2f90c1b957f8023c"
234,"0xdAC17F958D2ee523a2206206994597C13D831ec7","0x5050e08626c499411B5D0E0b5AF0E83d3fD82EDF","0xD51a44d3FaE010294C616388b506AcdA1bfAAE46","28735855548","18060341","0x086beeda170b98272ece2b4425c54b216d4de1bc10534e794799ae3afab6e093"
154,"0xdAC17F958D2ee523a2206206994597C13D831ec7","0x50D1231B80C55039712fA5A0e3060b6C6cb1FD0F","0x46705dfff24256421A05D056c29E81Bdc09723B8","52108049","18060303","0xde81ee14a3385c58ac92a65d7ae03aeb0ca920130a3c72285eba38a46a27b486"
295,"0xdAC17F958D2ee523a2206206994597C13D831ec7","0x51C72848c68a965f66FA7a88855F9f7784502a7F","0x11b815efB8f581194ae79006d24E0d814B7697F6","30162564494","18060343","0xb094ab69e67ae673ac0e05b27c5c95c150ce5f257c758a4dc32352de038b4224"
365,"0xdAC17F958D2ee523a2206206994597C13D831ec7","0x51C72848c68a965f66FA7a88855F9f7784502a7F","0x11b815efB8f581194ae79006d24E0d814B7697F6","32213714308","18060346","0x8be956aaab0559e872927f3790fa3862a45d84dd9e0b292aec974932ad903715"
298,"0xdAC17F958D2ee523a2206206994597C13D831ec7","0x51C72848c68a965f66FA7a88855F9f7784502a7F","0x9Db9e0e53058C89e5B94e29621a205198648425B","9297654085","18060343","0x822f57298698ef6b9e829f41567590a4a4bd80ab1089d691323c4448310e4892"
130,"0xdAC17F958D2ee523a2206206994597C13D831ec7","0x51C72848c68a965f66FA7a88855F9f7784502a7F","0xeEAF37958CE59aA12a2fa828cF618AA4f6778e47","2458661993","18060300","0x8d8a35a9290f5ff780019fe3594a819b5d16a1b86b210f9030265fdaf7b5a3e7"
194,"0xdAC17F958D2ee523a2206206994597C13D831ec7","0x5384D070D290215DfedC0c7CA5015486F18289AA","0x5a09463Efb8dD50f87564c695efFA45c48657767","200000000000","18060307","0xfa4ffa4f9f219db2c8eb38d1dbd0791b50c06934cab9d8c4202ed61f8c97b110"
200,"0xdAC17F958D2ee523a2206206994597C13D831ec7","0x543bd32Aab107aF1242Fe9DccCf67B8f74D9e648","0xA1CA8B54Cb25fB0bD2090061E63E13016a6F2e11","100000000","18060340","0xd3a3557f3837596bf5c8f93619944ecfdf91e49d7d65795978995e885a6e27bf"
12,"0xdAC17F958D2ee523a2206206994597C13D831ec7","0x56Eddb7aa87536c09CCc2793473599fD21A8b17F","0xa0b18CdF5F395D98c061B753d8dedB28c7Aee450","14208742814","18060294","0x9c9716de96d01cd7ab19a87c00d9a3f04074071f462fba365115ad4f51d6bb6e"
300,"0xdAC17F958D2ee523a2206206994597C13D831ec7","0x585BCD76438D2e333651B3F8383F0759408EA68F","0x98DD39FC44C72fE7F3F070A0208ee6A38670DbD0","10002050","18060343","0x236c8248cabb08d0b7af10b9b708252dc3da5dbe7218aac3c304cc993d67454c"
275,"0xdAC17F958D2ee523a2206206994597C13D831ec7","0x58b704065B7aFF3ED351052f8560019E05925023","0xA01AA2196724a39290f465b3925E5dCaFe7F2256","356000000000","18060342","0x70782e3cd92ab5ba2f9ea59c4113edaabc893d78c7f340f5170ae19aedd55669"
89,"0xdAC17F958D2ee523a2206206994597C13D831ec7","0x5c14918C1b686bf3Ad521C09F5c4EE2Db291aCBf","0x858439d6A3B4Aba16d57e16b5FE04a03bCa6fcBd","250000000","18060297","0x0380c6869c2accae1ea4c398348e214623dd18327f57e169a5670986871cff40"
165,"0xdAC17F958D2ee523a2206206994597C13D831ec7","0x5c14918C1b686bf3Ad521C09F5c4EE2Db291aCBf","0x8589dA0ED97A2CB1D6538F1c672cA1BA10a7FCbD","0","18060304","0x729c2cc724cd093d4a8434a43aae3dba6322dd051a4baba819c28322a36d81b8"
104,"0xdAC17F958D2ee523a2206206994597C13D831ec7","0x5d68f22a3bF3d94DAFef9a63778e631aEfa5c242","0x46705dfff24256421A05D056c29E81Bdc09723B8","52113466","18060298","0x718558409a790a490925bf7de53091e99607c649e2d94ab6cda1d1f4cb2bbd3b"
88,"0xdAC17F958D2ee523a2206206994597C13D831ec7","0x5E79B6FA42e4834f4eAa757E2475062a5765E559","0x8e69eacF989d79E039E97E43917914E0685FF3Ca","1000000000","18060297","0x8c0e4e832fa32a6ef5d7099f3b47bf3f9ce86e86044e3a54de7c6d1219dfaefd"
28,"0xdAC17F958D2ee523a2206206994597C13D831ec7","0x6022dD15a6a043359da48F6278044F1fB8028cE9","0xe6DFf60C1a525A90108F4381Cab19c65A08F91f0","1879857857","18060295","0xf81e73d04c7895de40a2f406d756104561eb9d35f8c235b7215716ac0551c959"
171,"0xdAC17F958D2ee523a2206206994597C13D831ec7","0x6043d313aaEFF0aE0fEF3bdaF7a46002a0796eeB","0xC7dF55bF17ef103a7C0f7bD34b0699eAFA86dB21","808277748","18060304","0x1026b1ea505526dfce3db876dcc2a3893ab4eef015a8de2c77b98c8848a778f3"
60,"0xdAC17F958D2ee523a2206206994597C13D831ec7","0x61130584714b1a2e1e3bCA6e91A184CDe9d92d26","0x06304F71882160Ca1F798C28129649C863A9E96D","0","18060296","0x5df809bb9459ebbf26129d26b368d82d43fa9574bb2eb39e4f502ce6b8007d8e"
115,"0xdAC17F958D2ee523a2206206994597C13D831ec7","0x61130584714b1a2e1e3bCA6e91A184CDe9d92d26","0x277c3C7030Eea1E71c1fAC5E76aDdEaD67a92f55","50000000","18060298","0xaf62eb8e78b8c372b023fa353ab13d805a73238ddbbd905de4d4f58583bba8e3"
182,"0xdAC17F958D2ee523a2206206994597C13D831ec7","0x61130584714b1a2e1e3bCA6e91A184CDe9d92d26","0x277c3c7E3Cff7F2678c4E64604BEB9886Aa92f55","0","18060306","0x354c5c021891a8a2243004c9228ca9dc2441ecc35b839af9b6f916e0d474c998"
177,"0xdAC17F958D2ee523a2206206994597C13D831ec7","0x62daA0B1192B3b3580885ce749BA4D7fcb87f85A","0x8f60366Acf884A83B02199e024C3092D31430aCE","2300000000","18060305","0xea3e3a66b4b2d483375ff94f5bb77b5a617061011674a4122be6e1b4602e38a3"
198,"0xdAC17F958D2ee523a2206206994597C13D831ec7","0x651B28f41A70742eF74Adc8BB24Ce450c0D3Ef21","0xF5b3E4588c4A7658E28307c8F9A1fe55eC6Dd1AB","7339246821","18060307","0x276d72ec884c389a60c857da117ca181bd49b13cd196e06808e7191c30c82112"
158,"0xdAC17F958D2ee523a2206206994597C13D831ec7","0x68841a1806fF291314946EebD0cdA8b348E73d6D","0x43784e7f632d3192ee75d15Da3e738e5eF0fBAFd","63674362","18060303","0xa55527b89313191d73922616dd9b85fdb4ed211a000dd792c6d50519776d013d"
159,"0xdAC17F958D2ee523a2206206994597C13D831ec7","0x68841a1806fF291314946EebD0cdA8b348E73d6D","0xD0e6f1B6ef80bdF8D38C648791AEa7876cA249dB","4000000","18060303","0x90a550644d41a1a695e17b786725fa9484cede502a3849564be15e299ca7b458"
157,"0xdAC17F958D2ee523a2206206994597C13D831ec7","0x68841a1806fF291314946EebD0cdA8b348E73d6D","0xfDa455c8aE605f63ED7225ECF6D1d1197a67Fa5A","404860000","18060303","0xfc4ad47ae8a9e7823390d0ebb486c19a42eb0a8a6f651c0af0a42c03df930af4"
191,"0xdAC17F958D2ee523a2206206994597C13D831ec7","0x69A2fC040731B074085A2B9CE8396a2DDCEa697D","0xE5d5F8f61B1555f1a27488a122fB3cDE2EE16F2b","230713290","18060306","0x4e5362b083d78fd9cf4f190bda6f5f7f57877cdee3dceea4b1086c9323f08f4b"
274,"0xdAC17F958D2ee523a2206206994597C13D831ec7","0x6B54e3B786517724afAec208BB5b61605B68C81B","0x71B60d85C019bd9A224D2fd953e678Ae06e6a819","1128452490","18060342","0x1b73713258877ae305a387b2d0dbc3d7d879da9b16b89197b3dfa2649dcb318d"
97,"0xdAC17F958D2ee523a2206206994597C13D831ec7","0x6b75d8AF000000e20B7a7DDf000Ba900b4009A80","0xBA12222222228d8Ba445958a75a0704d566BF2C8","28288165433","18060298","0x29e5125026b8fa3d9bf4522ec5824fc0c0c6ec2e83b5385a734e53e9009089d8"
387,"0xdAC17F958D2ee523a2206206994597C13D831ec7","0x6Cb3fCD2f58e3C0b9fc05bc1952447aE21528c01","0x43a96b2e77f8aee053Ee5CA8c9FF7ceF49295eB5","10000000","18060370","0x642860ba1199a737d6444cfb9b1fdf770a1fb12e28a0439420702a0d7aab2e0c"
133,"0xdAC17F958D2ee523a2206206994597C13D831ec7","0x6cc8dCbCA746a6E4Fdefb98E1d0DF903b107fd21","0xF864F0b0faa88601594942d815aCf52A9953f518","29994000000","18060300","0x2dcdb4ab8fb3ee22b111cbc5e5bee9dc437627e978b19050a08c91b4fc1b5f75"
8,"0xdAC17F958D2ee523a2206206994597C13D831ec7","0x6E43c9CE17beDE441e7BF1cDD67f1f0426ED5963","0x9626F8C7062Fa5C42Ba4C32a10bc624232444567","979160000","18060294","0x5a6b0ddd18f6342738981f2aeacd754ea9fff4c8f217942e741e3212fa24170c"
138,"0xdAC17F958D2ee523a2206206994597C13D831ec7","0x6EEa17ABC3F7720eC80d580734b11716A9914a3c","0x183A6cF1Fc6504138d92C9d663094EE774f80038","50010252","18060301","0x96edb3f27a8b16b0b7f4410bf2faf41ec8d4399004182845697dcb95c76efce9"
267,"0xdAC17F958D2ee523a2206206994597C13D831ec7","0x6fDa3170e9F9d1760b8cc98b7B813cBC0a4feab2","0x46705dfff24256421A05D056c29E81Bdc09723B8","52090094","18060342","0xd68c146782f9a4f4465335e4c2e5cabb8ddceac0ad280c281a74e1d478b9c573"
174,"0xdAC17F958D2ee523a2206206994597C13D831ec7","0x7295F9ABDFE24B2421213c60294e56b0b71b8d61","0xC5fe34A08026BBE765A6b0Ad96fd53C10E5eD027","382730208","18060305","0xe6eff5a332f5075b12428e8dbfb3fa34ac51c41bf4f454129f2abf7fff4d496a"
240,"0xdAC17F958D2ee523a2206206994597C13D831ec7","0x74de5d4FCbf63E00296fd95d33236B9794016631","0x119D75CbDA0e4808477538f3C167c4f97D88866d","1218297336","18060341","0xa87df3e6b4a77da28db061ae39baa5880298b1cf0da3278146dbba1529a11a85"
150,"0xdAC17F958D2ee523a2206206994597C13D831ec7","0x74de5d4FCbf63E00296fd95d33236B9794016631","0x4D0188079ba797A10da8fCeb5df3a502E9BCBe83","113737972","18060303","0x6bbfb1b06fb15590e9679bcb12aff32c461939e36ba899f95c610a6ba38c7ff4"
377,"0xdAC17F958D2ee523a2206206994597C13D831ec7","0x74de5d4FCbf63E00296fd95d33236B9794016631","0x66A562AC5e05DC18E7aa0b250a9899D05ced2feA","201798628","18060369","0xedc9b50882860b8b6b0cf433d773992c4e3a64d10d531e2fc7ca1c08f78d351f"
103,"0xdAC17F958D2ee523a2206206994597C13D831ec7","0x74de5d4FCbf63E00296fd95d33236B9794016631","0xA69babEF1cA67A37Ffaf7a485DfFF3382056e78C","143472717","18060298","0x4c16c108077746fd3f3dc392a1a54951414d23e431e408554ca29b32012e0140"
277,"0xdAC17F958D2ee523a2206206994597C13D831ec7","0x74de5d4FCbf63E00296fd95d33236B9794016631","0xA69babEF1cA67A37Ffaf7a485DfFF3382056e78C","150000000","18060342","0xe4a554cb3f69ed85e5cde5e82868aa78d01ccdab2ba454753b5ad330031ec99a"
48,"0xdAC17F958D2ee523a2206206994597C13D831ec7","0x75e89d5979E4f6Fba9F97c104c2F0AFB3F1dcB88","0x17C1DD72F1e6bE27c01E700704cb15EdB30578A8","9524000000","18060296","0x79b06041c369c5dd56bb5f75cd83aa0f1ff8fd60cd40617d2620c05df7bca0be"
297,"0xdAC17F958D2ee523a2206206994597C13D831ec7","0x767C8bB1574BEE5D4FE35E27e0003c89D43C5121","0x390f3595bCa2Df7d23783dFd126427CCeb997BF4","8658643968","18060343","0xa35a996659a7406237ce8cd2ed763973eb12cc166706d080a33f7d43412731d6"
83,"0xdAC17F958D2ee523a2206206994597C13D831ec7","0x77134cbC06cB00b66F4c7e623D5fdBF6777635EC","0x27BFfB0f09C18539f9a47a39958Bb149Fe42A155","62737391200","18060297","0x3fee7796313865afa479784f7594ff237e61c261fd05686e757f04e93126f56f"
155,"0xdAC17F958D2ee523a2206206994597C13D831ec7","0x787199edFd4182130A138b703769e3a70c03a704","0xDce92f40cAdDE2C4e3EA78b8892c540e6bFe2f81","58217211","18060303","0x0e5f2f8b87621c0b707e05e5b411ceccc93f78a9296cfa8e734c81eb994665e7"
36,"0xdAC17F958D2ee523a2206206994597C13D831ec7","0x7B7B945003190D33770a800D46695a75C43dfbd5","0x937F2bC5C4F33a5B747b8e05a7104a3fa2240E2b","30000000000","18060295","0x88e56c09576ac42759948e410f21f3089b5a425e3e2860c58f2ba22f773cb9f4"
16,"0xdAC17F958D2ee523a2206206994597C13D831ec7","0x7D99E9441EA92FC7eDA68FA3edA2636aC4572466","0xc0D8bc9BbD802D2eD3eb34118dD16371bdFE91b6","350000000","18060294","0x36996f39f6365a0e577419344e7f4a03cd2a853dec2c0fbf74ba516eae7957da"
47,"0xdAC17F958D2ee523a2206206994597C13D831ec7","0x7f792946c57d42c42fB2B75b66B38390214706cD","0x26352D20e6A05e04a1ecc75D4a43aE9989272621","81735917422","18060296","0x1839da8801af96479794032c97b33ca9c4ba746dd450f0341ba9bc19cdc9f5f7"
132,"0xdAC17F958D2ee523a2206206994597C13D831ec7","0x811a477C4e04bBa9DB8b27fc588AA6717d6a54E0","0x5eafeF1f481AcD69561Ce02c3ef537Cba1C5A02D","202453573","18060300","0xe065a9a8ab116b77d811198f4ac2db9f6309d0273799014cc616d9e2c56931f9"
332,"0xdAC17F958D2ee523a2206206994597C13D831ec7","0x82AF0643BC7b34c39e4220967a94F7a0467400a9","0xc315dd0c3569485FC5eF0C0f33dDEB94A71Caf3E","27000000","18060344","0x3130ebcc1523b1d9f4e0fcf88c0d08de58b7221f2e583a0402884e4b2ab2cd1b"
244,"0xdAC17F958D2ee523a2206206994597C13D831ec7","0x82e7B1A4400f6e6893a9AE3C88541b3E7D8cBb1E","0xe2d7258033044543Cab22C17004eE6Be7388CC79","4000000000","18060341","0x9895d055423f9ac613e4ffb24df8fa1613f5b94e3547bde082921c8e75fbbdff"
27,"0xdAC17F958D2ee523a2206206994597C13D831ec7","0x838c5472D7782E8CF8f6C8DdBabA9191eed79BB5","0xBBe1932529AD1A71539BAD6c887674Cb56764ed9","158055000000","18060295","0xbe3597dfebe1b154d282a173d56c1ea0b54c3f44eb1b131cc2d33d011418bb8d"
50,"0xdAC17F958D2ee523a2206206994597C13D831ec7","0x83F90477Fbfa6c7E11e8F11c7918e70aC47841A6","0x7ed258B329F08FDA51A8747B18bb85B983800439","0","18060296","0x5df809bb9459ebbf26129d26b368d82d43fa9574bb2eb39e4f502ce6b8007d8e"
368,"0xdAC17F958D2ee523a2206206994597C13D831ec7","0x8571d2De7BaB20ff9f22f4A008A7322f771a174c","0x5041ed759Dd4aFc3a72b8192C143F72f4724081A","7072000000","18060346","0xe3ba771edf7f7bc221d128469c63f8854f0de7e2e03e77fdf0a796c3237f1af9"
111,"0xdAC17F958D2ee523a2206206994597C13D831ec7","0x8889e02E1f9fF87c50d8f9109b015b6c4bd96e3f","0x89e51fA8CA5D66cd220bAed62ED01e8951aa7c40","350000000000","18060298","0xf142079a4007f1bf820246960c3a9f13289f1b304bd06b11af2c63f6154b281a"
114,"0xdAC17F958D2ee523a2206206994597C13D831ec7","0x8928E75Dcb834ac8B49734A57F7B23165Bd15642","0xC9cD0f6977aaaFcC936E519771AbB0E6bDD76c04","433142858180","18060298","0xff019fa015997d50a8a4c4f55f4766cc3675f188504ac21c6129770b35c28f31"
166,"0xdAC17F958D2ee523a2206206994597C13D831ec7","0x8928E75Dcb834ac8B49734A57F7B23165Bd15642","0xc9Cd0F6ADD094f42c3c704337980d4D8bdd76c04","0","18060304","0x729c2cc724cd093d4a8434a43aae3dba6322dd051a4baba819c28322a36d81b8"
181,"0xdAC17F958D2ee523a2206206994597C13D831ec7","0x8928E75DFa387AB9277bD89dCD98CA805bd15642","0xC9cD0f6977aaaFcC936E519771AbB0E6bDD76c04","0","18060306","0x354c5c021891a8a2243004c9228ca9dc2441ecc35b839af9b6f916e0d474c998"
29,"0xdAC17F958D2ee523a2206206994597C13D831ec7","0x89e51fA8CA5D66cd220bAed62ED01e8951aa7c40","0xE31C42a44305ff1485e32C8A8984521D6DEB85db","11992000000","18060295","0xb0ac96fdfca249a1bc5520555046745de50cb46c7d0084dbb268a7dbf44eff54"
229,"0xdAC17F958D2ee523a2206206994597C13D831ec7","0x8f0a8979223e65a7832A602b138E0A09941A128C","0xf387fE18Dcf9B371E1985cA4090F66810c2CF54a","2000000000","18060340","0xcdee76c8d06ce2304079fa8ff8bf6b85d9942e223559ec41bec5d49a5bd380ae"
207,"0xdAC17F958D2ee523a2206206994597C13D831ec7","0x9052727356D93dBdE94246a11B7c052DeA5BcCC7","0x71B60d85C019bd9A224D2fd953e678Ae06e6a819","2340005520","18060340","0x2302a0341fc6b9f2b66683bbf7ce28a008676ccea583aa432f12787a999ad982"
137,"0xdAC17F958D2ee523a2206206994597C13D831ec7","0x915C853A419F94D642a2b57A075f8e18A5c73b58","0x46705dfff24256421A05D056c29E81Bdc09723B8","52110000","18060301","0xe46239b012263be8142c0235c15689822a332e4990ce56e603dacb4c443a76ab"
367,"0xdAC17F958D2ee523a2206206994597C13D831ec7","0x934665D1ae669A81f0129bD097f9CCFaea10Fb79","0x96f8EAaC4D87Da1Cf2DdE74c86d145256fAb6479","500000000","18060346","0x97a0cafe5eaa2bfabebbd9bd86dd039165ccad6477d7f4d6910b0e858b69b961"
144,"0xdAC17F958D2ee523a2206206994597C13D831ec7","0x938C39a4e0d2De55f111020727cc95F9F48d4Efa","0xBd9B34cCbb8db0FDECb532B1EAF5D46f5b673fE8","4866790000","18060302","0xafe4bac29f676ddc9a2001b41447a9995e2d28d76a0b2a19570efb5800c84476"
14,"0xdAC17F958D2ee523a2206206994597C13D831ec7","0x9419F239c0dD065797fE8780505eF85b36FBe9f8","0xB3f359332030f1B9F2626DE967f6Be3A605f5965","310438088","18060294","0x4b3db5621a08be30a4c2a4d0f96bb3ab58e25e62ef515a4438ebaabca13d6f6e"
186,"0xdAC17F958D2ee523a2206206994597C13D831ec7","0x9696f59E4d72E237BE84fFD425DCaD154Bf96976","0x39138D290cf248bAB2423EDC7F49b38273B7219b","414790000","18060306","0x8e61c0260aa6be7f0ebe9f1f9210105cbbc4065a41376ba4c3bcd81369731389"
1,"0xdAC17F958D2ee523a2206206994597C13D831ec7","0x9696f59E4d72E237BE84fFD425DCaD154Bf96976","0xe38D6B04473971866AF330758c597B82dE214272","38432244917","18060293","0x40d52172b6f0b77f87a4c5fd41cb0c7db9c11e85f61a3a3180b47881a26bab22"
156,"0xdAC17F958D2ee523a2206206994597C13D831ec7","0x9723b6d608D4841eB4Ab131687a5D4764eb30138","0x55655afBd4463E17C9EBF75E4638DA57977C3926","53827000000","18060303","0xd7d33b415fbf8ca1b0600ab3adda98a15be29355d8bc1f1d7c78344db980f904"
13,"0xdAC17F958D2ee523a2206206994597C13D831ec7","0x974CaA59e49682CdA0AD2bbe82983419A2ECC400","0x6A4736B62b305793192D404630151E01600865E8","200000000","18060294","0xfd5445e7bcb3b64060f82bd267584c40f96d8e84dabdbff826e113b21c8572e9"
199,"0xdAC17F958D2ee523a2206206994597C13D831ec7","0x974CaA59e49682CdA0AD2bbe82983419A2ECC400","0xD38908E041a4e3d34a50841f8235f1ff43033344","344419388","18060307","0xa864a0d88be44732b3a0c6846865d511d72df1c61a928ff0cd84ea27a7fa2d69"
242,"0xdAC17F958D2ee523a2206206994597C13D831ec7","0x9759Cb9E1865ebc76cA3e3B6C6eb5e063F18Ea75","0xa96d510BA200110802428990F2bdC4a12428C3Bf","1582827467","18060341","0xe6415432aa046060f7e44885eccc334f31ec985203bad657dea183399637efb6"
128,"0xdAC17F958D2ee523a2206206994597C13D831ec7","0x98C3d3183C4b8A650614ad179A1a98be0a8d6B8E","0xF743aCE0Dd18b26ef95988486315dD7a39b07035","683632662","18060300","0x564dd1e0b0b34b1793f0fcdffe3c405621c74d964027f885ee2c6aa866f010f0"
135,"0xdAC17F958D2ee523a2206206994597C13D831ec7","0x99BBD6cfF6Fb6F2914c656A5B458e5abC1CBa118","0x46705dfff24256421A05D056c29E81Bdc09723B8","52101370","18060301","0x910e7d85a0619d42305b6e8d0dd17229bcf1c5c8cc922e38424d7eca7e8bd262"
11,"0xdAC17F958D2ee523a2206206994597C13D831ec7","0x9AEAD682a9AfF816d3434eF05654155d62C7Fb2C","0x89e51fA8CA5D66cd220bAed62ED01e8951aa7c40","338302258","18060294","0x52e416fb3c0e60584b4a0a31989aa5d7678f53a18d4d5f4aa6d92a09934a74bf"
141,"0xdAC17F958D2ee523a2206206994597C13D831ec7","0x9EA3cda5c2Adf0370454b9Ee28786a068227b1a4","0x689d2EE154633Ae19D61a8570c09248dCbd0ED04","461762995","18060301","0xbb1abfb5ede8041f714514723d49916ed7c37201c49a14da177700575a20d5b4"
407,"0xdAC17F958D2ee523a2206206994597C13D831ec7","0xa41f94688F136dBD6a0520Ee0960AA384A92Ec7b","0xb9a3bB62F8D2dde2Fd27Ef2D8577a0d2836dE200","48462220","18060371","0x29799272f6821e2f50ebe21a46694ad0eddd7e4bf0c997549bf22e9081e2f1bc"
307,"0xdAC17F958D2ee523a2206206994597C13D831ec7","0xA555e81A2807Cc02a1600A2C79F9FDA6f0c52C1F","0x0d4a11d5EEaaC28EC3F61d100daF4d40471f1852","882773124","18060343","0x6a9e6a28ad85c77f643c5ee67a0031269a35d19a679f10438db16d1c78f58076"
348,"0xdAC17F958D2ee523a2206206994597C13D831ec7","0xA63Dd3A7d8a86f5418B52806eACFb9750d701F2B","0x6c8dd0e9cC58c07429e065178d88444B60e60b80","7982817","18060345","0xa8c889e4cf07dec1d07aa018ef00c23b2acdbb5d28d0f2aed47d6e5c6c83b0df"
347,"0xdAC17F958D2ee523a2206206994597C13D831ec7","0xA63Dd3A7d8a86f5418B52806eACFb9750d701F2B","0x6f2343e71C941f81Cc00Fb056310e5ab21974BBA","790298899","18060345","0xa8c889e4cf07dec1d07aa018ef00c23b2acdbb5d28d0f2aed47d6e5c6c83b0df"
341,"0xdAC17F958D2ee523a2206206994597C13D831ec7","0xA69babEF1cA67A37Ffaf7a485DfFF3382056e78C","0x06da0fd433C1A5d7a4faa01111c044910A184553","4753809929","18060345","0x13c610b7e46856e829fa00458c5f5918d69a52ed53bee23c27987d46ff2c8fd0"
343,"0xdAC17F958D2ee523a2206206994597C13D831ec7","0xA69babEF1cA67A37Ffaf7a485DfFF3382056e78C","0x0d4a11d5EEaaC28EC3F61d100daF4d40471f1852","8602391214","18060345","0x295c506d01b6b9620356bf6c024e27a566023d750e6d0cfa1ace37835f220a5a"
327,"0xdAC17F958D2ee523a2206206994597C13D831ec7","0xA69babEF1cA67A37Ffaf7a485DfFF3382056e78C","0x11b815efB8f581194ae79006d24E0d814B7697F6","16850787983","18060344","0x5e0f51bbd6e629f87f2f1320a2f3991fef40a086d558cb52bf757796a425012f"
233,"0xdAC17F958D2ee523a2206206994597C13D831ec7","0xA69babEF1cA67A37Ffaf7a485DfFF3382056e78C","0x11b815efB8f581194ae79006d24E0d814B7697F6","61434242433","18060341","0x3f44251c82fc2fac49e3f53f404db223b17853ad485452a167125bdfa5b96bd8"
237,"0xdAC17F958D2ee523a2206206994597C13D831ec7","0xA69babEF1cA67A37Ffaf7a485DfFF3382056e78C","0x3470447f3CecfFAc709D3e783A307790b0208d60","874156550","18060341","0xad9d6782c08973d10cb6af47319269160cda4a7dd35a6c88a8dd799c3d3821b8"
149,"0xdAC17F958D2ee523a2206206994597C13D831ec7","0xA69babEF1cA67A37Ffaf7a485DfFF3382056e78C","0x74de5d4FCbf63E00296fd95d33236B9794016631","113737972","18060303","0x6bbfb1b06fb15590e9679bcb12aff32c461939e36ba899f95c610a6ba38c7ff4"
239,"0xdAC17F958D2ee523a2206206994597C13D831ec7","0xA69babEF1cA67A37Ffaf7a485DfFF3382056e78C","0x74de5d4FCbf63E00296fd95d33236B9794016631","1218297336","18060341","0xa87df3e6b4a77da28db061ae39baa5880298b1cf0da3278146dbba1529a11a85"
376,"0xdAC17F958D2ee523a2206206994597C13D831ec7","0xA69babEF1cA67A37Ffaf7a485DfFF3382056e78C","0x74de5d4FCbf63E00296fd95d33236B9794016631","201798628","18060369","0xedc9b50882860b8b6b0cf433d773992c4e3a64d10d531e2fc7ca1c08f78d351f"
326,"0xdAC17F958D2ee523a2206206994597C13D831ec7","0xA69babEF1cA67A37Ffaf7a485DfFF3382056e78C","0xa21Ed0Af81d7cdaEbD06d1150C166821cFCD64FF","450544508","18060344","0xc4706f74f3f9709922e2a93e27246c1bd39465f9a771415d435d34d9592fb173"
344,"0xdAC17F958D2ee523a2206206994597C13D831ec7","0xA69babEF1cA67A37Ffaf7a485DfFF3382056e78C","0xf5f5B97624542D72A9E06f04804Bf81baA15e2B4","7267759376","18060345","0xc018c85aecca7b080fd4979c50aed2c7d13b07d5331c890bf29d76765f7d3ec3"
236,"0xdAC17F958D2ee523a2206206994597C13D831ec7","0xA69babEF1cA67A37Ffaf7a485DfFF3382056e78C","0xf5f5B97624542D72A9E06f04804Bf81baA15e2B4","7353727888","18060341","0x9283678f5fc0923bcee4561a58786a4ba5e980a91c1baa59e0e34b7003fdc4c4"
129,"0xdAC17F958D2ee523a2206206994597C13D831ec7","0xa82F91562E1CEf9dEc93a4ad328d01EA7827910a","0xdd82500757675Fc31e034e65c923042badf9dBbA","3690165228","18060300","0x8d8a35a9290f5ff780019fe3594a819b5d16a1b86b210f9030265fdaf7b5a3e7"
145,"0xdAC17F958D2ee523a2206206994597C13D831ec7","0xa896E4AEB3627fCd470b810f0Fac702d5e6Db14c","0xBd9B34cCbb8db0FDECb532B1EAF5D46f5b673fE8","388250000","18060302","0x8cc90406c0381f32c2d15213860ee55b9403b3243c608417e7b2e8777e479a5e"
126,"0xdAC17F958D2ee523a2206206994597C13D831ec7","0xA9D1e08C7793af67e9d92fe308d5697FB81d3E43","0x26849573e650a179645287D9a93Cec6C91a26CC0","193188211","18060300","0xf99e63f7b491726bba36d6ca08571309d3a40fee6b67cb24f69d2a7d22398251"
223,"0xdAC17F958D2ee523a2206206994597C13D831ec7","0xA9D1e08C7793af67e9d92fe308d5697FB81d3E43","0x3d7868769CdC0564E2233eD49Dc3b2B74a581a1d","60020706","18060340","0x0595741ffad7fac6334f26c51f111d2e15627e3eb4ea6c5f25b72025a5c0d2e7"
123,"0xdAC17F958D2ee523a2206206994597C13D831ec7","0xA9D1e08C7793af67e9d92fe308d5697FB81d3E43","0x5c11f102dce5f19C4cbcA9d95dA7100ee8Dcb915","5001125","18060300","0xf99e63f7b491726bba36d6ca08571309d3a40fee6b67cb24f69d2a7d22398251"
127,"0xdAC17F958D2ee523a2206206994597C13D831ec7","0xA9D1e08C7793af67e9d92fe308d5697FB81d3E43","0x6043d313aaEFF0aE0fEF3bdaF7a46002a0796eeB","808277748","18060300","0xf99e63f7b491726bba36d6ca08571309d3a40fee6b67cb24f69d2a7d22398251"
224,"0xdAC17F958D2ee523a2206206994597C13D831ec7","0xA9D1e08C7793af67e9d92fe308d5697FB81d3E43","0x857e468b4676Ef79253623af355865BDE75034B2","570290971","18060340","0x0595741ffad7fac6334f26c51f111d2e15627e3eb4ea6c5f25b72025a5c0d2e7"
125,"0xdAC17F958D2ee523a2206206994597C13D831ec7","0xA9D1e08C7793af67e9d92fe308d5697FB81d3E43","0x8B152fA9136700cEc8288936152fa35C9fa6D90B","100022505","18060300","0xf99e63f7b491726bba36d6ca08571309d3a40fee6b67cb24f69d2a7d22398251"
220,"0xdAC17F958D2ee523a2206206994597C13D831ec7","0xA9D1e08C7793af67e9d92fe308d5697FB81d3E43","0xa41f94688F136dBD6a0520Ee0960AA384A92Ec7b","48462220","18060340","0x0595741ffad7fac6334f26c51f111d2e15627e3eb4ea6c5f25b72025a5c0d2e7"
221,"0xdAC17F958D2ee523a2206206994597C13D831ec7","0xA9D1e08C7793af67e9d92fe308d5697FB81d3E43","0xAa2848fbEec8DA6c07feB87e37513a4a95065f2F","48732172","18060340","0x0595741ffad7fac6334f26c51f111d2e15627e3eb4ea6c5f25b72025a5c0d2e7"
222,"0xdAC17F958D2ee523a2206206994597C13D831ec7","0xA9D1e08C7793af67e9d92fe308d5697FB81d3E43","0xc4f226333760a6A8C08aC6336C1F9031491fb00d","50710750","18060340","0x0595741ffad7fac6334f26c51f111d2e15627e3eb4ea6c5f25b72025a5c0d2e7"
219,"0xdAC17F958D2ee523a2206206994597C13D831ec7","0xA9D1e08C7793af67e9d92fe308d5697FB81d3E43","0xd912d03506A152C2371f6CC2012Ec39370ff14a5","46511152","18060340","0x0595741ffad7fac6334f26c51f111d2e15627e3eb4ea6c5f25b72025a5c0d2e7"
218,"0xdAC17F958D2ee523a2206206994597C13D831ec7","0xA9D1e08C7793af67e9d92fe308d5697FB81d3E43","0xE6994e0c5dFFd266E01fFD7E9A2F5C756D27f3a0","43568905","18060340","0x0595741ffad7fac6334f26c51f111d2e15627e3eb4ea6c5f25b72025a5c0d2e7"
124,"0xdAC17F958D2ee523a2206206994597C13D831ec7","0xA9D1e08C7793af67e9d92fe308d5697FB81d3E43","0xe9E0ae313Aa731ba1c1285DED6eA69Da2E1e188b","18000000","18060300","0xf99e63f7b491726bba36d6ca08571309d3a40fee6b67cb24f69d2a7d22398251"
270,"0xdAC17F958D2ee523a2206206994597C13D831ec7","0xAC175B4A2E098D636D43AB1F64d691B9bFF4f7d5","0x46705dfff24256421A05D056c29E81Bdc09723B8","52090000","18060342","0x16465901d1a248d7d411736409aab5607be4d1143cd80f9261453a6e3289884e"
35,"0xdAC17F958D2ee523a2206206994597C13D831ec7","0xafD3E5C5749540C5e41B2258C707cF43aC7b6782","0xda78Cf84b536e89F99d6Bd12CEc505B37176D315","149642624","18060295","0x7800d0016232c24eb4c058b069a0a87fa1ede65c77038922e5f5760c112d9ff5"
231,"0xdAC17F958D2ee523a2206206994597C13D831ec7","0xB0bc4b04c22b321717b1e4eada87CB0bD4dDE8ec","0xEB016edBC513caE51E32D9d8DEaB0beE7b16F819","601261100","18060340","0xc461b597858a487faba941c2cf5584ce29509413d5f0db0531b750ff88d2174f"
15,"0xdAC17F958D2ee523a2206206994597C13D831ec7","0xB12f0Ecd3Bc49bE2acD84d55c82a725730B47AA8","0x7b47483D0706e1989Bd757C3DacAcEb6B9fD0EE4","135210000","18060294","0xfdddb1df57ded4f5c31be9d51635a501933cf714356561a0d45262ec4e3106f4"
342,"0xdAC17F958D2ee523a2206206994597C13D831ec7","0xb24a52f98Bdde08e95f5B640c318b40A5222AE42","0x41Be1b0F19C7c63fbA7157efb7fEd9AfAD63fBed","9324930000","18060345","0x6a641d8bec0740d829da7eba31801a27d6a0d1c1141020bfa9c442e4462d7e8e"
143,"0xdAC17F958D2ee523a2206206994597C13D831ec7","0xb24a52f98Bdde08e95f5B640c318b40A5222AE42","0x5C8D6391E377597A78d5f228ad2e73168F239cb4","1278880000","18060302","0xe0c2c819be7a4264868744c8d429a948a901091f9313feb9f8d06a9166b3cdc2"
379,"0xdAC17F958D2ee523a2206206994597C13D831ec7","0xb24a52f98Bdde08e95f5B640c318b40A5222AE42","0xB7562e222E8b905E59f9C6443F7f5eaD17A53548","990000000","18060370","0x7cc7cc5e4225ccc6ee23b9452d60fd3e4c4256633c14fe540a759df7cb35fa1e"
375,"0xdAC17F958D2ee523a2206206994597C13D831ec7","0xB487562715aC79C81C44830F964c8c65a4b76CBD","0xC65f4D53848e2d8C24049668D1047cd095792202","2722750","18060369","0x0c5e8e863a2210e1823e81e73e25f5478aaa6714d0db890a1f45c752ed85f7fd"
180,"0xdAC17F958D2ee523a2206206994597C13D831ec7","0xB4f530fcf79E4b83c779Da5976cc832AF78829EF","0x5f65f7b609678448494De4C87521CdF6cEf1e932","138751966","18060305","0x899982ee0e35005ea0bade173938857798c8ea7540ac8cbe6d8119f9436aa711"
136,"0xdAC17F958D2ee523a2206206994597C13D831ec7","0xb551CF44716f12AF8A520362cb68F9C404018ad2","0x46705dfff24256421A05D056c29E81Bdc09723B8","52100000","18060301","0x17ba483cc8ae94f5c4e4b64a04851304118b62bbd910d51f9c391a5248094d92"
345,"0xdAC17F958D2ee523a2206206994597C13D831ec7","0xb563C72D3b5514Fa098F9a588523915469DCFD88","0xe52ab90E602b0E76d29C71b14f4aF2EACD7b6aE9","569074334700","18060345","0x196d1ee617aa2301d2cd71a334b19555e805c02886c0ecd65f2507979b8c7908"
120,"0xdAC17F958D2ee523a2206206994597C13D831ec7","0xB64d9784E8516983243434ce3BadF967Fd5cc71e","0x851F6953194E47284C40DE8cA54266FED0723a41","72156571","18060299","0x0978634ca093151e7d27980bbeaf7d8bd0789b57cce46fd21213a7828f419a8a"
195,"0xdAC17F958D2ee523a2206206994597C13D831ec7","0xB64d9784E8516983243434ce3BadF967Fd5cc71e","0xa946A47B2a9494B43158e91878A7b4dC5CEA342d","3800000000","18060307","0xa1b0608d5cdfa2ef8120b98d2c6be616f949d2d896969ebc835ceb730adc75d4"
388,"0xdAC17F958D2ee523a2206206994597C13D831ec7","0xB78ADebbcC7BA15110f585bD058b82c45A76Bc85","0x21b9F852534Fb9DdC3A0A7B24f067B50d8AC9a99","800000000","18060370","0xd019ea9285a2bed409b862424a584a243d5e0764a3a420f236b0a45236571239"
147,"0xdAC17F958D2ee523a2206206994597C13D831ec7","0xB837943B6879579640285a20aA9bd34BCD548134","0x11b815efB8f581194ae79006d24E0d814B7697F6","1750000000","18060302","0xf5f2bc39e56ffb78f65befcc1b25746ac2b3b00ee9e9364f91545fb1b7a747ed"
106,"0xdAC17F958D2ee523a2206206994597C13D831ec7","0xB9e79dE759Dd7D6FC963DE62d8A6D7eb0BeD6069","0x46705dfff24256421A05D056c29E81Bdc09723B8","52111700","18060298","0xeee770b3ecf72c2da6a1cac86987284faa3f0a086c6e1797c2976b9de3220662"
101,"0xdAC17F958D2ee523a2206206994597C13D831ec7","0xBA12222222228d8Ba445958a75a0704d566BF2C8","0x6b75d8AF000000e20B7a7DDf000Ba900b4009A80","28315444978","18060298","0xf861e0c5b0b2e0989c76010887cab2bee6e5e7a0ef5f86cab85ee6a06729fa27"
303,"0xdAC17F958D2ee523a2206206994597C13D831ec7","0xBBe1932529AD1A71539BAD6c887674Cb56764ed9","0xb16cE42009475c62279271d7Fc5Da8FA9b3cA99F","99984000000","18060343","0x056df4f492a90ae4fc3aadb5e1d3223e9bd109088520f168bf777d6fbabc5cf4"
59,"0xdAC17F958D2ee523a2206206994597C13D831ec7","0xBcA00913566caAb1a5f4EA7B6C9BDF66efE05C34","0xB0ac122a63C782A1BF62a5ef0bEF449d16FA892F","0","18060296","0x5df809bb9459ebbf26129d26b368d82d43fa9574bb2eb39e4f502ce6b8007d8e"
51,"0xdAC17F958D2ee523a2206206994597C13D831ec7","0xbCA00917B9a000Cb975f08327C0ba60E5FE05C34","0xb0AC122348dff894775569732E05c1d416fA892f","0","18060296","0x5df809bb9459ebbf26129d26b368d82d43fa9574bb2eb39e4f502ce6b8007d8e"
98,"0xdAC17F958D2ee523a2206206994597C13D831ec7","0xBEAE3275F81688Bd6e51982F2fDb16bC0e333333","0xd1B47490209CcB7A806E8a45d9479490C040ABf4","10000000000","18060298","0x31c3bb03b9b9200613cb6ceaf65b34f24e834706434daeaf4388f4dda2402cb5"
243,"0xdAC17F958D2ee523a2206206994597C13D831ec7","0xC06412AB9DFDD0C1B11f94483C4294d07E690185","0x6ffa1B8f0a6E553857Fdefe51810035b6f8C020E","143026461","18060341","0x9900341e6fecdbb2f2e7e02f81a3df3acb1cdff3b241cf38aa8dbc92b466c6fd"
142,"0xdAC17F958D2ee523a2206206994597C13D831ec7","0xC06412AB9DFDD0C1B11f94483C4294d07E690185","0xE9894fc74D7343ac4B463685b09763484D43339E","143029322","18060301","0x572620f0bc9fa42240bbb62de194eac6ef1bf243580feeeececf3f8cb4dccf25"
105,"0xdAC17F958D2ee523a2206206994597C13D831ec7","0xc0C4765bE3eB380391CDcb864B03c0CEc87790d0","0x46705dfff24256421A05D056c29E81Bdc09723B8","52111500","18060298","0xeb5aaf712a6a54971560c0d7dcf00f74b777fed37acbfe262de3c7c9110668d8"
2,"0xdAC17F958D2ee523a2206206994597C13D831ec7","0xc168D82aB3F566FFc6C7fDcede7B41Ba30B0494B","0x0D0707963952f2fBA59dD06f2b425ace40b492Fe","33442310000","18060293","0x0e8160d652823208c347a982d3f20ea1e0a8c7b365a11d82ae7583730c8402ff"
87,"0xdAC17F958D2ee523a2206206994597C13D831ec7","0xc3C4ECB0845eC0393408dfAdaddD6f8D4Ac29E57","0x9d664cF50B8697e5eeEb7343cBf107A80547C8ac","6483000000","18060297","0x250dbd9d37573b30a7992e0c8da457ca31f0c88559d0f0e4843356c989988b88"
201,"0xdAC17F958D2ee523a2206206994597C13D831ec7","0xC5C0073Aec9457280bDA1357EE9ca52B519d7012","0x5d4a1F65A7B354e35749620200Aeb2d5d8cE4867","396287100","18060340","0x79c036f4e74787b0eec8efea9b139652ce2e0205ddc2b9ea6a05fd939ec653ce"
202,"0xdAC17F958D2ee523a2206206994597C13D831ec7","0xC5C0073Aec9457280bDA1357EE9ca52B519d7012","0xCe352e98934499be70F641353f16A47D9E1E3aBd","4002900","18060340","0x79c036f4e74787b0eec8efea9b139652ce2e0205ddc2b9ea6a05fd939ec653ce"
410,"0xdAC17F958D2ee523a2206206994597C13D831ec7","0xc6DbC2F16bCe8F4f738b84f10F40804712254ece","0x3Af7A58D54cf014675aF2B7EBc222C3166BF5692","200000000","18060371","0x0aca0ed7b545b952dec08b8493def7c71eea7dd5938031f63996f58b825d3aca"
173,"0xdAC17F958D2ee523a2206206994597C13D831ec7","0xC7Fd7fb3eE7B7d0b16254732C917392BC529e8Ce","0xCe0553d1a9f1E9D72530805F54D6977519B7aA7E","1500000000","18060304","0xcc1417363d551eaa78773434bbfcb04ba1e6e687f9e943309dc46c37bfc04060"
304,"0xdAC17F958D2ee523a2206206994597C13D831ec7","0xC94eBB328aC25b95DB0E0AA968371885Fa516215","0x3CF82a39B05202dC7E6A3b9607deAAdCD9B6f37B","248000000","18060343","0xfdfb900999f009f26b6d30ab5cdb3d9329954bf988cc3000ddad6ae0ce067c88"
167,"0xdAC17F958D2ee523a2206206994597C13D831ec7","0xC9cD0f6977aaaFcC936E519771AbB0E6bDD76c04","0x8889e027188A741127686bE201C2d95F4BD96e3F","0","18060304","0x729c2cc724cd093d4a8434a43aae3dba6322dd051a4baba819c28322a36d81b8"
183,"0xdAC17F958D2ee523a2206206994597C13D831ec7","0xC9cD0f6977aaaFcC936E519771AbB0E6bDD76c04","0x8889e027188A741127686bE201C2d95F4BD96e3F","0","18060306","0x354c5c021891a8a2243004c9228ca9dc2441ecc35b839af9b6f916e0d474c998"
121,"0xdAC17F958D2ee523a2206206994597C13D831ec7","0xCaC79c66F6D0320F440ADb444361632E17A06DaD","0x827B379c790d925eBC340b6e7815a5F7e3c82F67","4000000000","18060299","0x72165b9c338f2fdaac91a50c3cf5c6eed34bfe5dbc01046471ad8cff6ff90744"
265,"0xdAC17F958D2ee523a2206206994597C13D831ec7","0xcBfa8D04298B036ebD48949745C6E91005b96cA2","0x42FE75F5A21f842cFFB981C68e14739B98534b14","100314903","18060342","0x99525c6dd90bf9d3d39ab78b2193288093ac15ddafd744c896a5cf71980df28f"
116,"0xdAC17F958D2ee523a2206206994597C13D831ec7","0xcCe0Da84f6b6A843a75e1D395CA55BC1DcdeBAbe","0x3208684f96458c540Eb08F6F01b9e9afb2b7d4f0","19996790000","18060298","0x4f66e9717a7e81b841ff55a993d66021cbbbd5bd46c205a95769a000a42380fd"
140,"0xdAC17F958D2ee523a2206206994597C13D831ec7","0xCd990b85cB874E7456ADc8f9049Eba41A47a96c0","0x3B5C53b9Ea8AC1C05Ddf757c04CF5A8eD26e3AF2","30000000","18060301","0x62a1a58f7e9f1e70709775ecea9486e863378df0cd99973d10ca69409afa8173"
188,"0xdAC17F958D2ee523a2206206994597C13D831ec7","0xd09771888D38E8d51e875D1bd0981Aa58384f8Fc","0x13c09D20b61f3543a5b351891C3b6Ed7d05DD218","200000000000","18060306","0xd69a297f0dec0f9ab5d1e2fd7eb9136c14ebf503cec6b69bc8725b562a767c63"
100,"0xdAC17F958D2ee523a2206206994597C13D831ec7","0xd1B47490209CcB7A806E8a45d9479490C040ABf4","0x0d4a11d5EEaaC28EC3F61d100daF4d40471f1852","7000000000","18060298","0x31c3bb03b9b9200613cb6ceaf65b34f24e834706434daeaf4388f4dda2402cb5"
99,"0xdAC17F958D2ee523a2206206994597C13D831ec7","0xd1B47490209CcB7A806E8a45d9479490C040ABf4","0xBA12222222228d8Ba445958a75a0704d566BF2C8","3000000000","18060298","0x31c3bb03b9b9200613cb6ceaf65b34f24e834706434daeaf4388f4dda2402cb5"
184,"0xdAC17F958D2ee523a2206206994597C13D831ec7","0xD27FFd87638D052cf248F7d7019172338fb7f07E","0x46705dfff24256421A05D056c29E81Bdc09723B8","1100000000","18060306","0x0993ee4820b1b8f3ba39942a3b87a85dbe7831578d17c260bd574e42e3e47698"
351,"0xdAC17F958D2ee523a2206206994597C13D831ec7","0xd2ec8b1928Bed3C5395e900251D19Fd1A60776d7","0x491ab4a95a8F209F9f7027CF30Da4c24B51E8755","2000000000","18060345","0x8a6c03e33bc32bbe1c70130c2f46e6e6974d5a466f4ad4b19126daa2ef8e811d"
328,"0xdAC17F958D2ee523a2206206994597C13D831ec7","0xd4BDDf5E3D0435D7A6214A0B949C7BB58621F37C","0x6bC94E291E5617D2843744abaCD9BE7448C8de8c","1978388327","18060344","0xd0c4744170cdc6b972af74cc60318034483afbc8f91beb9d521d1e29af504f9e"
151,"0xdAC17F958D2ee523a2206206994597C13D831ec7","0xd61897c82a9bafc2d901e1C3fcb7da693BdbCFF0","0x46705dfff24256421A05D056c29E81Bdc09723B8","52108893","18060303","0xda8223c6792e51e2d29ad2948f0f138c452da88b1a02acadc11918023374a527"
391,"0xdAC17F958D2ee523a2206206994597C13D831ec7","0xD6586bdBd2BDd20e6cB31a0e7384A7c84D6d9d78","0xa435A78BD9F1133c933867983bC8b3Ea4Ed863a9","1134008832","18060370","0x552ea7a4f910214b9c735f9e9aa3e8c49b6d9bcce64f23457f89dde506dc09e0"
185,"0xdAC17F958D2ee523a2206206994597C13D831ec7","0xD6D6cA421DBf5643aede73d8977E0fEc61db728E","0x2c5198D708e590382BafEb8b370f6B63Fc0FD03c","230000000","18060306","0xe6cc3395173f9a5dfb9ba654149af94ea6306cb473b56838e527383f498b731c"
109,"0xdAC17F958D2ee523a2206206994597C13D831ec7","0xD6D6cA421DBf5643aede73d8977E0fEc61db728E","0x554192ef93870FF040eCd9D76147079E8d95daf2","450000000","18060298","0xd867c93927ae375609f13e8fe77c8232d3d9ec94690d0da561f3079c427c96ed"
168,"0xdAC17F958D2ee523a2206206994597C13D831ec7","0xD6D6cA421DBf5643aede73d8977E0fEc61db728E","0x55508FC750A14cBf66107Eab5069a20a79bF90dD","460000000","18060304","0xee6bffdba5234206fb9cfde22f2e21dc8a923027563fc9b5a22f581e95f09761"
405,"0xdAC17F958D2ee523a2206206994597C13D831ec7","0xd8156e7f9d3ef83b7467520027972336d4616be6","0x1fAbd5D4999F217014F2AF5776dE68225b3Bd35d","100000000000","18060371","0x14393d0834c0cfbb136fab974e8c9f568169cc1dead92e9c0e5a8caa0a63cd57"
197,"0xdAC17F958D2ee523a2206206994597C13D831ec7","0xd91eFec7E42f80156d1D9f660a69847188950747","0x0139cf725b1245c99A3b9b93e40FbaE271EB8159","514667695","18060307","0xdd40d44220468421657b161c7fa6a65520e2fde7ff2fa9b256ec9aac5fbbef8d"
196,"0xdAC17F958D2ee523a2206206994597C13D831ec7","0xd91eFec7E42f80156d1D9f660a69847188950747","0xBAb104cDF944BD7fB174Aa9e8951DFb47f00D8b0","7300234842","18060307","0xdd40d44220468421657b161c7fa6a65520e2fde7ff2fa9b256ec9aac5fbbef8d"
272,"0xdAC17F958D2ee523a2206206994597C13D831ec7","0xda3271a0183C7CdE99ff02a50E7fe32dc2564d2b","0x5041ed759Dd4aFc3a72b8192C143F72f4724081A","5000000000","18060342","0xe5b34d2221cc542fcf2e8be0c6c2c8728bd43957c6111d1021302d2162d46c6f"
269,"0xdAC17F958D2ee523a2206206994597C13D831ec7","0xdBe4b0D76A339434442e7cD1f2EDd45ad1511292","0x46705dfff24256421A05D056c29E81Bdc09723B8","52090000","18060342","0xdccaaa7fb9849042428b6c1899607349d370f14a63f9efbec4bf5a8875c744c4"
214,"0xdAC17F958D2ee523a2206206994597C13D831ec7","0xdC5976a65f71cAebAbE9F4e0b38370c1a524F743","0x6ebe68F308e2554E5B1768d917B96615519B713A","66836028","18060340","0x2a3341b9af85112973806a086183ce856f40bf7ae6e2cfb08913fb58b8bfc02c"
215,"0xdAC17F958D2ee523a2206206994597C13D831ec7","0xdC5976a65f71cAebAbE9F4e0b38370c1a524F743","0x90E18a6920985DBACc3d76Cf27a3F2131923C720","675111","18060340","0x2a3341b9af85112973806a086183ce856f40bf7ae6e2cfb08913fb58b8bfc02c"
84,"0xdAC17F958D2ee523a2206206994597C13D831ec7","0xDC745C3E2baB1CF45C15FbAa55242A41A584f2Fd","0x48c04ed5691981C42154C6167398f95e8f38a7fF","2399905626","18060297","0xd8225abe6078cc910966d3b65961b9e45011e5383d4898c84a7a85a5938b4d95"
206,"0xdAC17F958D2ee523a2206206994597C13D831ec7","0xDD52CD54b70A0E9dBF9FBfb36d90AFa666011ccb","0x02d24cAB4f2c3Bf6e6EB07ea07e45F96baccFfE7","582096","18060340","0x05fede37ffa1dfb11278aa28fa7b56b1b14adb1bc1a6c4cb5c4435c02cad3bc9"
205,"0xdAC17F958D2ee523a2206206994597C13D831ec7","0xDD52CD54b70A0E9dBF9FBfb36d90AFa666011ccb","0x63a57070FCC26Eb964849952358a34550ee9d9Bd","57627509","18060340","0x05fede37ffa1dfb11278aa28fa7b56b1b14adb1bc1a6c4cb5c4435c02cad3bc9"
217,"0xdAC17F958D2ee523a2206206994597C13D831ec7","0xDd8e9A73081c9FDb6e789dCA79271f7e07bE573e","0x4B23d52eFf7C67F5992C2aB6D3f69b13a6a33561","7357900","18060340","0x19d8b9522d5ead52a2c78ebb10f5e56e03536df8ecd92154f0d6cd5452710536"
216,"0xdAC17F958D2ee523a2206206994597C13D831ec7","0xDd8e9A73081c9FDb6e789dCA79271f7e07bE573e","0xe233632eB886654C2818b431e37B4A2b210aa50e","728432100","18060340","0x19d8b9522d5ead52a2c78ebb10f5e56e03536df8ecd92154f0d6cd5452710536"
7,"0xdAC17F958D2ee523a2206206994597C13D831ec7","0xDe1BAFa2E1F4E7F0C56CC92E3992e06032563fa2","0xAd2490A01C5157592671A306AA5A29163C035581","152920000","18060294","0x2ad830b210b906c2bd9c5c141fc73aeb96b6742d5a1d26230e3868da0c7ddb53"
238,"0xdAC17F958D2ee523a2206206994597C13D831ec7","0xDe7CB3B45fd02058D35E37F039D9695644f6549D","0x77134cbC06cB00b66F4c7e623D5fdBF6777635EC","150000000","18060341","0x40d3106eede67836c74054346f78d5dc30a6b2be85a666f85bfd2f56b5aadc0e"
386,"0xdAC17F958D2ee523a2206206994597C13D831ec7","0xDef1C0ded9bec7F1a1670819833240f027b25EfF","0xa109209a2380FD4454b0364C4689F6de18ad18CC","150154541","18060370","0xe2a9a48a9d10efc7265c4b8af93483991b3eda859244d802c906150017ddd084"
176,"0xdAC17F958D2ee523a2206206994597C13D831ec7","0xDFd5293D8e347dFe59E90eFd55b2956a1343963d","0x33E3DB761Fa9eca03C4E9148E3cAF7f7988f4fe5","126790000","18060305","0x84b6f682128c8e238d35355f1c365e1068688856968650a10b1f3a36e2363389"
193,"0xdAC17F958D2ee523a2206206994597C13D831ec7","0xe10510a359fF2334314052196780C5216e2a39F8","0xB60973BA88F86B53f359667d621E71D26257542e","1642000000","18060307","0x2d09f1a66871980968902397c8e9ad4aa40bfbbbae0983532737ddf9df6c064c"
279,"0xdAC17F958D2ee523a2206206994597C13D831ec7","0xe16cf1aD141878d8F95C0252e8643f565804e350","0x7858E59e0C01EA06Df3aF3D20aC7B0003275D4Bf","1000000000","18060342","0xde4e4fc730ad9d4deb8b69901c90daa6d80d81716b88af2a54a292b5d8385345"
232,"0xdAC17F958D2ee523a2206206994597C13D831ec7","0xe28f7385547ECeFd5a4e34074C6D4C3A325733EE","0xfCd13EA0B906f2f87229650b8D93A51B2e839EBD","2174281371","18060340","0x45c39b8cb9209d01e495d72038c471923e8c9dcc85aad6db4fd72efbcd058084"
408,"0xdAC17F958D2ee523a2206206994597C13D831ec7","0xE291cc3e5b9e0C9b37c9FBDd549aBf3B5c0ad342","0x05Dc1edE32764Ab0830E5d23B94c247b3974048C","1000000000","18060371","0xb9882391139a6af216edd8e5d06ae649b83ebe662f458da0826c3029f73d0145"
204,"0xdAC17F958D2ee523a2206206994597C13D831ec7","0xe354Ca504607c2EBaFAdB237b7796cc49610F91B","0x6c8dd0e9cC58c07429e065178d88444B60e60b80","2459290","18060340","0xd66cdfaa79ae2e985c9fc6bfadb76bd8b8f13bd5f76939504295a5cd7d242c4b"
203,"0xdAC17F958D2ee523a2206206994597C13D831ec7","0xe354Ca504607c2EBaFAdB237b7796cc49610F91B","0x6f2343e71C941f81Cc00Fb056310e5ab21974BBA","243469710","18060340","0xd66cdfaa79ae2e985c9fc6bfadb76bd8b8f13bd5f76939504295a5cd7d242c4b"
246,"0xdAC17F958D2ee523a2206206994597C13D831ec7","0xE592427A0AEce92De3Edee1F18E0157C05861564","0x11b815efB8f581194ae79006d24E0d814B7697F6","4676712809","18060341","0xcc049b4323c67b56e990902eff2301abd57ee1500fd7a51c10677afc27c552cb"
9,"0xdAC17F958D2ee523a2206206994597C13D831ec7","0xe6DFf60C1a525A90108F4381Cab19c65A08F91f0","0xe607EAC85C21814B43E64ecDf3472d13ba1acCe6","1338179972","18060294","0x6c313f5072496bacbd3ad7a28c62aed609aa78fe4d56ec2894d000991a5994d5"
325,"0xdAC17F958D2ee523a2206206994597C13D831ec7","0xe8cFAd4C75a5e1CaF939Fd80AfCf837DdE340a69","0x4e68Ccd3E89f51C3074ca5072bbAC773960dFa36","43094692385","18060344","0x4e80559c1e1047d64f21173b200d36434a0b437bd0a5d1a46363114fba79c032"
331,"0xdAC17F958D2ee523a2206206994597C13D831ec7","0xe96CeA5A0CD92D1d010DA6f064092916dD30dFC2","0xc63807d80677E105ae5add7f789f90bB4CD156E1","73847032417","18060344","0xb330615c568dff387eb62cb0aeed7315d0cfc105d03604bd0a953c38fa95359d"
131,"0xdAC17F958D2ee523a2206206994597C13D831ec7","0xeEAF37958CE59aA12a2fa828cF618AA4f6778e47","0xdd82500757675Fc31e034e65c923042badf9dBbA","2458661993","18060300","0x8d8a35a9290f5ff780019fe3594a819b5d16a1b86b210f9030265fdaf7b5a3e7"
86,"0xdAC17F958D2ee523a2206206994597C13D831ec7","0xEf1B32354C3d8A273331Cd532D1576bB819B6E36","0x655eDCE464CC797526600a462A8154650EEe4B77","6678797957","18060297","0x1b81382bad60a9be4f1817b9b20dcd36e9be09585c825c9252bc51b4ef8fb56c"
378,"0xdAC17F958D2ee523a2206206994597C13D831ec7","0xEf8801eaf234ff82801821FFe2d78D60a0237F97","0xBF4Ea33B3e4Bd67f84EfE39734097EA4fDacAb55","15000000","18060369","0x73ccbbed1928ecac4b6824bd6be2f98806474c831fd418e2b3ffbced8aa71d10"
228,"0xdAC17F958D2ee523a2206206994597C13D831ec7","0xf0279933945545bb298f777445B145fCe6d6b91e","0x935f64B44B5C48A1539C4AdA5161D27ace4205b5","290000000","18060340","0x8fb5646788035723a59b54ce931e02d4be5d4de165a6d189ae6966bffb508fcb"
271,"0xdAC17F958D2ee523a2206206994597C13D831ec7","0xF2B05661Cc5F868C8f5D4995ebd895EBa5368D05","0xEd43B659E7230679F96F7eE0D1CB156Ebf1fDbdc","2500352936","18060342","0x6dbe168b0704892a60a2f5f0b2de8d7ae60622442da53c460ecf74d979f57451"
241,"0xdAC17F958D2ee523a2206206994597C13D831ec7","0xF2B05661Cc5F868C8f5D4995ebd895EBa5368D05","0xfB9e95D5eEd21A2c66A0b424ed36c2F4A35d29BE","2500352936","18060341","0xd2633d9f8d869e02b6246e1997a9d6712d13f2a6b992b0c92269ed569c396501"
112,"0xdAC17F958D2ee523a2206206994597C13D831ec7","0xf3426D62c38045Cd319cfD75Fa83079cEa6318ed","0x13FF83F9C6dB517173286EAB8eFa062E4AdB5E3A","509130000","18060298","0x1e70dcba076bbc8317fa3df32a83f875918b67ca938909bbcb2f6f1ad7fcb831"
190,"0xdAC17F958D2ee523a2206206994597C13D831ec7","0xf5eC96F45f17E92f6B3Bc14810aC4d189E0155E1","0xFd9D4e94678D977AB30bF2a00a5684606a972704","74720368","18060306","0x55500de0927b5ed307a20f9d2ddbcf5892af642cc2e2e0435656553b7f9ce00e"
54,"0xdAC17F958D2ee523a2206206994597C13D831ec7","0xF609F76E410AB6895D6D6dc00B8AB6d9d15130e8","0x262d96B7D8049732f42Cd035429ebaa9fc44Bc2b","0","18060296","0x5df809bb9459ebbf26129d26b368d82d43fa9574bb2eb39e4f502ce6b8007d8e"
268,"0xdAC17F958D2ee523a2206206994597C13D831ec7","0xf6CE02b6A40D46cA249e3D252570814f23BbFB55","0x46705dfff24256421A05D056c29E81Bdc09723B8","52090000","18060342","0x83a7c4cfbdb5b5eccbe62adab9e7d0d31be10bdccf02e75e4b8acd0a57528db2"
226,"0xdAC17F958D2ee523a2206206994597C13D831ec7","0xF88E0593723eF9Bf33E12294Ddc448ab0dF28385","0x02d24cAB4f2c3Bf6e6EB07ea07e45F96baccFfE7","630000","18060340","0x93b576b5bf1fd8d65456e0e85d1ec655515fc01c4b37901e10e643384f198ec9"
225,"0xdAC17F958D2ee523a2206206994597C13D831ec7","0xF88E0593723eF9Bf33E12294Ddc448ab0dF28385","0x6171cacB6244268bd0215A4242a1F3744c2f143d","62370000","18060340","0x93b576b5bf1fd8d65456e0e85d1ec655515fc01c4b37901e10e643384f198ec9"
148,"0xdAC17F958D2ee523a2206206994597C13D831ec7","0xf89b3D31CC43EDF3Ea346a11812bf491b2704Bb4","0x03988924e9fdE4883F1630019a11f5c987910AFe","990220000","18060302","0x2e7995824f6c92660dce8b5f446912cc54d2ebbba56875573e0558cd4efba182"
161,"0xdAC17F958D2ee523a2206206994597C13D831ec7","0xf89b3D31CC43EDF3Ea346a11812bf491b2704Bb4","0x5aE2171332b8c716304e57C3C3Ed668E6eED2b0C","175000000","18060303","0xc9eebff971c091f9a414f8afab2594e1aadd9d6a898565b8fc76835c0d4e34e6"
10,"0xdAC17F958D2ee523a2206206994597C13D831ec7","0xf89d7b9c864f589bbF53a82105107622B35EaA40","0x6c17a76CDB6354F00CE90e28C5FC76E28d278167","80246480200","18060294","0x71a840365e50aef7d68685f5db3cb468320ce57072f6e700625c5bd6717f0277"
110,"0xdAC17F958D2ee523a2206206994597C13D831ec7","0xf89d7b9c864f589bbF53a82105107622B35EaA40","0x947Ca8412b6B7EEa4cBC11EFd0a4Fa67A0Cda87E","2000000000000","18060298","0x45f5ba05c4324bb6395914c8677f33d6bdadd31e99488c674bc767f68ef861f3"
122,"0xdAC17F958D2ee523a2206206994597C13D831ec7","0xf89d7b9c864f589bbF53a82105107622B35EaA40","0xe2CA0cC9CA3bdb54c47b14DE553ea74f6c4C348b","246438000","18060300","0x1526b19af98ee4b7f87bdb24e03e76a5f97843d25cad09fbd41523ed6c6eb2b2"
309,"0xdAC17F958D2ee523a2206206994597C13D831ec7","0xf8C0e12AfCbFdE21FCa7f655FC6888cdC32de1D1","0x025797574E0cfD58b24526591a72A3CEaca6f499","10000000","18060343","0x852d1de6a072a30295fd54b853324794bd73222bacc6db407c33abefbede0a43"
172,"0xdAC17F958D2ee523a2206206994597C13D831ec7","0xf997ef1EF054F0a471725020a770374CDd916F61","0x42e21882AC5DAC818c0fC86e83843057CA4cBd27","379999969","18060304","0x2ded254cef8641525aac4df77f672ddba1ddc21479983a02c7a39f5adcb449fe"
278,"0xdAC17F958D2ee523a2206206994597C13D831ec7","0xFb19ffd1Ff9316b7f5Bba076eF4b78E4bBeDf4E1","0x1337BE4b858ea11421966B89abbC1831d1040f50","978213762","18060342","0x01ea731c99c08f6bdfc6ab5c0d85126d5d2f1efc50b3fbe3deddff8e0612106b"
119,"0xdAC17F958D2ee523a2206206994597C13D831ec7","0xfceDBd83a44395F5f228f3444e40b881C6d1a709","0xDA137f341e3C11C4f5103c5eAeF6F99935E91700","45000000","18060298","0x7f6b46e1e3d6064b7102385380b1b4ab672173e1b6ddc01ec8bebb8d04ddc988"
370,"0xdAC17F958D2ee523a2206206994597C13D831ec7","0xFed0352243Ad75CB4d5bD93A6AF677b99407809E","0x2EDaf6Bb280F2003FCa5BCb454FD7205036168d7","6507000000","18060346","0x8192e31de913edf671c8c4889290344451e1ac39b4ac8e3f021bbe666d0e5f23"
162,"0xdAC17F958D2ee523a2206206994597C13D831ec7","0xfF38890Ca375743987c8A8f314d39F72f1D9C442","0x897b425dAB19Eb886Dc6Ae2010fE2A0de85308fa","3287744377","18060303","0x900d98d252b6009e332434ea97e7bd58a8d193054a179cdfd8d041dfb11add63"
160,"0xdAC17F958D2ee523a2206206994597C13D831ec7","0xFF7e01b63Ad92D0c71682E6fd68509e4c31958bC","0x763820B6398ce73172bb666913A8C148B401C53e","6650000","18060303","0x0f5f6495b43724fe5175757934cab077882f5527f0f0b3a5b7a0e9ee36f6e92b"
