"id","account","issueId","count","numberCurrent","timeParticipate","transactionHash","blockNumber"
1,"0x6278A1E803A76796a3A1f7F6344fE874ebfe94B2",1,2,2,1692237312,"0x7075862f2fb8014cb92abb84919ca1dea229e86a23b751d83029a6e815e5fa95",9530790
2,"0x53188E798f2657576c9de8905478F46ac2f24b67",1,1,3,1692237804,"0x505dae3bc50f8343ef9d67c15073e92ab649bd95c3a4b857d79c9db1a17665f8",9530825
3,"0x53188E798f2657576c9de8905478F46ac2f24b67",1,1,4,1692237816,"0x56c5f7bc4f46db03ee137878c4fdc2e3ec21b83ae19d84ae3fe0c8a854e4d00f",9530826
4,"0x7F4acD90047b121Ef8479ADC56F2379C0d359f70",1,1,5,1692238704,"0x605a5fae16b856f6827c4fcec3711e73b7d535a59e27febc55ff27b80414e48b",9530891
5,"0x7F4acD90047b121Ef8479ADC56F2379C0d359f70",1,1,6,1692238824,"0xac74aa9f6e66a8fa9450dd71b11f35846c54240d7cc1a96bb95125072b720f2e",9530900
6,"0xCcC991EA497647a90Ec6630eD72607d20F87C079",1,1,7,1692239844,"0x66483878446ba1f5a7ae9063817dc989e1d6d7de97adb0b8b23bf0b73ba622e0",9530966
7,"0xa002d00E2Db3Aa0a8a3f0bD23Affda03a694D06A",1,2,9,1692256548,"0x74cfaba2382c606430cfdbe8c72e36792daaf706f8de3f8cdba17e66730900ea",9532058
8,"0x6666A5b239F1d6220c0e933E278c0fACB041563a",1,1,10,1692261696,"0xce1042ae8544a43fed6864bdea35de204042f3da571c321969f4de2508f5e076",9532388
9,"0x6278A1E803A76796a3A1f7F6344fE874ebfe94B2",2,1,1,1692263148,"0xd47d3c5a84b647a5e1c702e09a3d2514237f1132475fc9614e0f500cd07c1585",9532484
10,"0x53188E798f2657576c9de8905478F46ac2f24b67",2,1,2,1692265404,"0xe1b4ec547939d96ae969cd072f6e018738d8bc159f0f03d8eaba35c0b68bc50b",9532627
11,"0x7F4acD90047b121Ef8479ADC56F2379C0d359f70",2,1,3,1692266340,"0xa4d970a550027e96cddd90a8b1e152d97861fc9d6d51d499cbd5a4d01c274b9a",9532695
12,"0x6666A5b239F1d6220c0e933E278c0fACB041563a",2,1,4,1692266436,"0xe0e9489a931410f7607e2b914718f613c660424f82ec902637dcf2840ca32f17",9532701
13,"0xa002d00E2Db3Aa0a8a3f0bD23Affda03a694D06A",2,1,5,1692266472,"0x4de577b169f41c831470d73e2018a85f501b3d83e8fd923a481cb50f41bec35e",9532703
14,"0xD1fFE5310EeFCfB2558ed2C5F7b0F7F497db9666",2,1,6,1692321792,"0xc134d59dca86c13cc32032416b9aacd17ddae6423234c0ba98f33f7df3215494",9536432
15,"0x53188E798f2657576c9de8905478F46ac2f24b67",3,1,1,1692329988,"0xbaff2abff58c20ff80f136968248f0c6a475f446cd53c85fb65940e520f865b4",9536989
16,"0x6278A1E803A76796a3A1f7F6344fE874ebfe94B2",3,1,2,1692344472,"0x00fcee06b5d7395cf7e0526c0a2084566b413fe8d1ce557f6ce52d600cd04f49",9537961
17,"0x7F4acD90047b121Ef8479ADC56F2379C0d359f70",3,1,3,1692344580,"0x21e29bd9bcce22ca0ee1e80ca6a5e30adaecb500079e7da0267bf5050ea1c729",9537968
18,"0x6666A5b239F1d6220c0e933E278c0fACB041563a",3,1,4,1692345168,"0xc28fbee17e70e53974f5f314076907596ad8efe661045f98774a78dcd18e9bef",9538011
19,"0xa002d00E2Db3Aa0a8a3f0bD23Affda03a694D06A",3,1,5,1692345444,"0x9439af853e15fd218b62d98ab474b73465d7c3f66a4c849803231beba8f71a3b",9538031
20,"0x6278A1E803A76796a3A1f7F6344fE874ebfe94B2",4,1,1,1692601092,"0x4c8794799a92cd8a0c54e12998d8c8a9b9cc20bb8359ed2abe5003c9177a9c4a",9554885
21,"0x53188E798f2657576c9de8905478F46ac2f24b67",4,1,2,1692697188,"0x074f1aabb235df0703763dae4842361634515e087b59290236dcd3f3bbadeb3a",9561060
22,"0x7F4acD90047b121Ef8479ADC56F2379C0d359f70",4,1,3,1692697236,"0x86aef4501b1d261df084e546ba90be3c62ccfa35e959425b9e8af6855b16bb85",9561063
23,"0xa002d00E2Db3Aa0a8a3f0bD23Affda03a694D06A",4,1,4,1692697296,"0x7e4b39326d212cec95285be0ff7c16574d5326e3eb63f7f60c34803c2949c32c",9561066
24,"0xCcC991EA497647a90Ec6630eD72607d20F87C079",4,1,5,1692697380,"0x962fe26c45057e351175abf1d719d6dc48119aa1f4a0ce9c2daa1ae8c920d5e1",9561070
25,"0x6278A1E803A76796a3A1f7F6344fE874ebfe94B2",5,1,1,1692759672,"0xde8d6e157c29b5199effe1dc83ec87723a22038bd94b67323f6835cd05b01a88",9565004
26,"0x53188E798f2657576c9de8905478F46ac2f24b67",5,1,2,1692759816,"0x8b0db2b2e5a9fecbb012e46c8eb9a78317883d5606bfc35f4ac6fdc4ab25b779",9565012
27,"0x7F4acD90047b121Ef8479ADC56F2379C0d359f70",5,1,3,1692761988,"0xc1dbeb4e51e92f9354119c5623e3b056c6b1324e9757852987d822248020e916",9565149
28,"0x6666A5b239F1d6220c0e933E278c0fACB041563a",5,1,4,1692762204,"0x8467b81545be081c6c731cf0a5ab6eea07cf6dc7a6ab61680f6c32227aca6413",9565164
29,"0xa002d00E2Db3Aa0a8a3f0bD23Affda03a694D06A",5,1,5,1692763404,"0x2e2aef3c9c5d0fe5abb2014fe0da3cc641aa95c6646ab710e472ffb6336c0a6d",9565245
30,"0xCcC991EA497647a90Ec6630eD72607d20F87C079",5,1,6,1692763572,"0xc6d31c05dac6ae1b361b01a34be30b1ad05d83afd12d297730575c8579de9241",9565254
31,"0x6278A1E803A76796a3A1f7F6344fE874ebfe94B2",6,2,2,1692772332,"0x368340ef16050b2c5ee7de669ab03afef654ac294925398bce73ff7dae024466",9565807
32,"0x53188E798f2657576c9de8905478F46ac2f24b67",6,1,3,1692772476,"0x9968249361a2291e5edab5531ebde24bfd73ce58707edb3e055347f19528af00",9565816
33,"0x53188E798f2657576c9de8905478F46ac2f24b67",6,1,4,1692772536,"0x1f630e7005a294635effcb6a60de243a641e09774cc39257970c5bc82f8b9218",9565820
34,"0x7F4acD90047b121Ef8479ADC56F2379C0d359f70",6,1,5,1692773580,"0x532b94a1f26380a68d20a3ff05c4978a2885c348cfbf19c64d730dab3cb97fe8",9565884
35,"0x7F4acD90047b121Ef8479ADC56F2379C0d359f70",6,1,6,1692775044,"0x4aa03596287e14821d72afb6ad0a70306d07eceb0251493c631f9cb199130a9a",9565982
36,"0x6666A5b239F1d6220c0e933E278c0fACB041563a",6,1,7,1692775104,"0xb6d8d665aa08f41bc81e4474add0040b8d1f72f7022c8fa7a201a7055f5a26c0",9565987
37,"0x6666A5b239F1d6220c0e933E278c0fACB041563a",6,1,8,1692775500,"0x1139bec35331cdbb7655cb96329af4cd23aba82167fb3645784f3eff21b8183c",9566015
38,"0xCcC991EA497647a90Ec6630eD72607d20F87C079",6,1,9,1692775644,"0x69a5ccf8e854114704731fd8a436d5a4ed4e4faae263c7941e71f7f7972b8aba",9566024
39,"0xCcC991EA497647a90Ec6630eD72607d20F87C079",6,1,10,1692777180,"0x3bd0f15c734ecd3887a612f7f14ea7c5a67f412c52ac98e0c6bb6fbdf8e3339e",9566110
40,"0x6278A1E803A76796a3A1f7F6344fE874ebfe94B2",7,1,1,1692778488,"0xabb0a5a52d231d678e93d26c8eec0407abdac2e00730b5a11370446d2b1c6bd6",9566201
41,"0x53188E798f2657576c9de8905478F46ac2f24b67",7,1,2,1692779160,"0xf6b910ee0979c600cf599fc0e191d4ead7272cc108496ea6a739514f8399b7c6",9566244
42,"0x7F4acD90047b121Ef8479ADC56F2379C0d359f70",7,1,3,1692779268,"0x5b75e69f5efab57aacc563ef5080b8be3970327ef1121057f1c0979a72deb9b7",9566252
43,"0x6666A5b239F1d6220c0e933E278c0fACB041563a",7,1,4,1692780456,"0x8ce1f64050bc473911bfc34caf51e384963a744d7e0b7f3fdc21927a78cdde83",9566326
44,"0xa002d00E2Db3Aa0a8a3f0bD23Affda03a694D06A",7,1,5,1692780672,"0xd7d7912784d38d74abfca340946d6c29958b217e559edf311d20fe4999732604",9566342
45,"0x6278A1E803A76796a3A1f7F6344fE874ebfe94B2",8,1,1,1692848712,"0x816401a44371886023e8cdb4edc997af6786795bb4193dfa91c2475dfc4d9bca",9570621
46,"0x6278A1E803A76796a3A1f7F6344fE874ebfe94B2",8,1,2,1692849924,"0x7ad2fabf9102d7002ac3af4fd9cef1a55ffeae13b0a3225433bc98c00fc07656",9570689
47,"0x53188E798f2657576c9de8905478F46ac2f24b67",8,1,3,1692857952,"0x1ae53d56c78e4cff723a7c4de0f5927872ee86019d02e334208067ac6fddced8",9571200
48,"0x53188E798f2657576c9de8905478F46ac2f24b67",8,1,4,1692860544,"0x4f2e80d13a6b609107c853ccd9735740cf2f6f521ebf00d27c1d8f6a87eb7bf9",9571357
