"id","orderId","coinAddress","account","amount","blockNumber","transactionHash"
1,"12659293202306052151413143812180145629646","0x0000000000000000000000000000000000000000","0x206DC2481191c2FcBdcc4BD14b4748947204C5A8","25296000000000000",17414728,"0x100dd07b7f4bc616af233dbf2c3ec3ceb0d693317217bb0f5a8268f0cefc1984"
2,"51779736202306052155152743812394106308033","0x0000000000000000000000000000000000000000","0x30d289e0e7aFC4a2efBFb49629287e914c67DDd4","2085000000000000",17414746,"0xc13b15875128aa887e6de5754ee6ec46953aef66c5851ced323c39daec1b69d3"
3,"31569461202306060004095143820128346325946","0x0000000000000000000000000000000000000000","0xa2aE23a67ebC8fb3Cc80316e6eA7f389F86Dddaa","20700000000000000",17415379,"0x10928a4b3fb3aef83e0124acdb5c8d5a8800f5e773e10b3b894e66f7cedf1fbd"
4,"68923726202306061003139673856072798393756","0x0000000000000000000000000000000000000000","0x711295c51716Bd0E2150326C6418e6fA7262c1Ad","25107000000000000",17418328,"0x1fa45a9555ac0ee16a5f342e5bb897d4ad67ba06c5c4863c131add169bc241e7"
5,"72242350202306061005414243856220255741206","0x0000000000000000000000000000000000000000","0x686319C874e81159Ed48aB1417E3A6e7C0c1F126","25107000000000000",17418343,"0xe6b29cf884af96993952cd818ffc3b90079acdfab2cec8d097dc38faf1ad83e1"
6,"96560025202306061151343533862573185365348","0x0000000000000000000000000000000000000000","0x959c44ad7637ec20C6C4A7016170ef2E2AfE2Ee9","3792000000000000",17418875,"0x797ff66a032b9bb3d2e41b4b679c67957c40dfc03c89b740de495690ee3967bf"
7,"28395884202306061152531983862652030080725","0x0000000000000000000000000000000000000000","0xE66a96a0726Db8330CF56d5077E84B3f7D57511C","1896000000000000",17418897,"0x6442b25b1c654400e96d56bca2e2f6271c68fb5fd5cd8bd301b74f01b47ae406"
8,"92671665202306061300014383866680269693333","0x0000000000000000000000000000000000000000","0xc7060Bea9eA9bfa91565EaD05248158126Db39c3","6276551789523570",17419204,"0x6d2273d31d3ccdff318ac13dcb370cf6e6ba92d03ae8439927ba8924513c8c6b"
9,"81675100202306071034476743944366506229862","0x0000000000000000000000000000000000000000","0x686319C874e81159Ed48aB1417E3A6e7C0c1F126","207158094280",17425574,"0x66e0a60fe08db1328687ea780e056c0ca8dd1f04eb9bf1ff298fd09763d3ca3a"
10,"11035178202306081233424534037901284537020","0x0000000000000000000000000000000000000000","0xE5989AA5D39EE531A663be8A57Cb44B21A5B5b13","25296000000000000",17433249,"0x4c24b6f20a46c1e7fb4472674bb36e7785dcfc660d96ae0dbf0e3596bf1bb70e"
11,"36016304202306121741063824401945214374824","0x0000000000000000000000000000000000000000","0x5E5373CeFb328b1Ec28E13c4E10Be3ac89fAEB99","6276551789523570",17463153,"0x9a81cda502ec3618bf1791bb1ca515b7b1957655e47758464e484c82d90e29cd"
12,"87356330202307271541015488282740379767862","0x0000000000000000000000000000000000000000","0xb8ccecD4EFf025DBBAcdC1Eb90dd133a51C9abcE","21185610000000000",17782982,"0x8e9e99b97360f12cf78b171d39cff35ddadbf72c2f635c755673f39a7f43851b"
13,"12767935202308072050245559251703386993553","0x0000000000000000000000000000000000000000","0xE5989AA5D39EE531A663be8A57Cb44B21A5B5b13","46287880000000000",17863167,"0x3c1bf5adb76cea42079d0fd04de7cdf404a95f033a6489826121e8ad3a617fb1"
14,"34143244202308081056098769302448707459668","0x0000000000000000000000000000000000000000","0x206DC2481191c2FcBdcc4BD14b4748947204C5A8","46287880000000000",17867367,"0xa45586a778a07d0a7b86daf39cb0e43e3c5ffbfde54266ca956dd240003b248a"
15,"69284981202308081059498979302668728613118","0x0000000000000000000000000000000000000000","0x30d289e0e7aFC4a2efBFb49629287e914c67DDd4","3815720000000000",17867385,"0x216bc3c753b58c9e8d2f87b52564842e1373bd782e825cec429fb6787af3d6ba"
16,"15635159202308151500490549921927886300305","0x0000000000000000000000000000000000000000","0x95B3Aad7f20E78a0e4DcEB9c23beca4e55ebdDF6","50000000000000000",17918617,"0x7da4b7b0857ac2984e8adc9d399c99de35f36c994919991c3155de0539a8faec"
17,"13336064202308151534354949923954325794218","0x0000000000000000000000000000000000000000","0x644f32265AC775ffAD112Fc6A0fF95C7C7f0520f","10000000000000000",17918793,"0x713a46bdb1f98654c0ca03bd228856e451e135822e2d40a76b9546835cff8801"
18,"75882125202308151541448579924383689144948","0x0000000000000000000000000000000000000000","0x644f32265AC775ffAD112Fc6A0fF95C7C7f0520f","66733290000000000",17918821,"0x75bb06c4f72d7182a6e952bb44078b7d4cb88ff8cca56d92c0e18396d3680cfe"
19,"533160982023082222323881310553837644714049","0x0000000000000000000000000000000000000000","0x644f32265AC775ffAD112Fc6A0fF95C7C7f0520f","28343540000000000",17970871,"0x965192a111ca80f607e2667aa693b9575bb7f3f7a2c2397e286b070e769f1d63"
20,"760790622023082308165572910588894560655129","0x0000000000000000000000000000000000000000","0x206DC2481191c2FcBdcc4BD14b4748947204C5A8","26381300000000000",17973777,"0xcc3482a2d6e1590765421d85ce35bbcd4371e13fca4119863161e4a3bf455176"
21,"935606472023082308181277210588971603506111","0x0000000000000000000000000000000000000000","0x30d289e0e7aFC4a2efBFb49629287e914c67DDd4","2162720000000000",17973783,"0x090692042040804fa10942faabc6ce6501f8f1f9779579fd95e730ec2a9f230f"
22,"833455472023082308190191410589020745982208","0x0000000000000000000000000000000000000000","0xE5989AA5D39EE531A663be8A57Cb44B21A5B5b13","26381300000000000",17973787,"0xbed78cfc71352934b5bb9efd5fcaf179d09424cb85391dda39b04ea170deae26"
23,"978159642023082308323031610589829147946220","0x0000000000000000000000000000000000000000","0x8ba2B3F44ba3454903a41c210234eca4619fDBd7","1966100000000000",17973855,"0x88b2de0007bf700bc70f6b564d99c71c0b429da6a2693b47b1f3a032ba6bcc16"
24,"156381352023082313220254110607201372405549","0x0000000000000000000000000000000000000000","0x2f227ee26fA6a09184FFdeb9e6f23ed42824b659","113673640000000000",17975291,"0x634af098b039484b0f137a60b5b6a1890217d51b4ab886d791a0d412244ff387"
25,"979761412023082317414777510622786606825051","0x0000000000000000000000000000000000000000","0x0773Cb46122f056348618084dcF2B0426682CC2b","7607910000000000",17976580,"0x68b359bfb02fdb8dceeb9aa6bac097414b292fe6fd36604ef9c31c9c0ebb716a"
26,"832633842023082317432904010622887871860052","0x0000000000000000000000000000000000000000","0x82fDE8eb0c0247C34487cF6c2CCbaAe0a0a86A7B","18016940000000000",17976589,"0xfc2ed81ac4e3993621853e2af03ff98df498960d4587d4e3714384717e51da2b"
